Site,Year,Sample_ID,Diatoms,Greens,Cyanos,Treatment,Total
Beaver Dam,2021,JJ01,0.08,0.07,0.06,Control,0.21
Beaver Dam,2021,JJ02,0.13,0.1,0.13,Control,0.36
Beaver Dam,2021,JJ03,0.12,0.1,0.13,Control,0.35
Beaver Dam,2021,JJ04,0.25,0.18,0.27,Control,0.7
Beaver Dam,2021,JJ05,0.19,0.2,0.29,Control,0.68
Beaver Dam,2021,JJ06,0.47,0.25,0.6,N,1.32
Beaver Dam,2021,JJ07,0.26,0.13,0.3,N,0.69
Beaver Dam,2021,JJ08,0.08,0.03,0.06,N,0.17
Beaver Dam,2021,JJ09,0.16,0.07,0.18,N,0.41
Beaver Dam,2021,JJ10,0.45,0.34,0.48,N,1.27
Beaver Dam,2021,JJ11,0.28,0.13,0.22,P,0.63
Beaver Dam,2021,JJ12,0.19,0.13,0.14,P,0.46
Beaver Dam,2021,JJ13,0.13,0.05,0.1,P,0.28
Beaver Dam,2021,JJ14,0.1,0.07,0.1,P,0.27
Beaver Dam,2021,JJ15,0.19,0.11,0.27,P,0.57
Beaver Dam,2021,JJ16,0.14,0.19,0.11,N+P,0.44
Beaver Dam,2021,JJ17,0.46,0.3,0.31,N+P,1.07
Beaver Dam,2021,JJ18,0.09,0.06,0.05,N+P,0.2
Beaver Dam,2021,JJ19,0.1,0.15,0.12,N+P,0.37
Beaver Dam,2021,JJ20,0.08,0.05,0.07,N+P,0.2
Beaver Dam,2021,JJ21,0.09,0.05,0.07,Zn+Co,0.21
Beaver Dam,2021,JJ22,0.33,0.34,0.29,Zn+Co,0.96
Beaver Dam,2021,JJ23,0.06,0.04,0.05,Zn+Co,0.15
Beaver Dam,2021,JJ24,0.19,0.08,0.21,Zn+Co,0.48
Beaver Dam,2021,JJ25,0.38,0.24,0.42,Zn+Co,1.04
Beaver Dam,2021,JJ26,0.26,0.34,0.3,Fe,0.9
Beaver Dam,2021,JJ27,0.18,0.11,0.14,Fe,0.43
Beaver Dam,2021,JJ28,0.56,0.26,0.37,Fe,1.19
Beaver Dam,2021,JJ29,0.22,0.15,0.26,Fe,0.63
Beaver Dam,2021,JJ30,0.08,0.08,0.12,Fe,0.28
Beaver Dam,2021,JJ31,0.23,0.1,0.28,P+Fe,0.61
Beaver Dam,2021,JJ32,0.14,0.12,0.12,P+Fe,0.38
Beaver Dam,2021,JJ33,0.38,0.1,0.42,P+Fe,0.9
Beaver Dam,2021,JJ34,0.13,0.16,0.07,P+Fe,0.36
Beaver Dam,2021,JJ35,0.09,0.04,0.06,P+Fe,0.19
Beaver Dam,2021,JJ36,0.65,0.01,0.76,N+P+Fe,1.42
Beaver Dam,2021,JJ37,0.18,0.06,0.14,N+P+Fe,0.38
Beaver Dam,2021,JJ38,0.48,0.28,0.58,N+P+Fe,1.34
Beaver Dam,2021,JJ39,0.09,0.03,0.07,N+P+Fe,0.19
Beaver Dam,2021,JJ40,0.18,0.1,0.2,N+P+Fe,0.48
Beaver Dam,2021,JJ41,0.2,0.01,0.2,N+Fe+Zn,0.41
Beaver Dam,2021,JJ42,0.65,0.16,0.91,N+Fe+Zn,1.72
Beaver Dam,2021,JJ43,0.42,0.11,0.49,N+Fe+Zn,1.02
Beaver Dam,2021,JJ44,0.18,0.14,0.17,N+Fe+Zn,0.49
Beaver Dam,2021,JJ45,0.12,0.12,0.1,N+Fe+Zn,0.34
Beaver Dam,2021,JJ46,0.33,0.12,0.34,P+Fe+Mo,0.79
Beaver Dam,2021,JJ47,0.17,0.21,0.18,P+Fe+Mo,0.56
Beaver Dam,2021,JJ48,0.35,0.21,0.29,P+Fe+Mo,0.85
Beaver Dam,2021,JJ49,0.12,0,0.09,P+Fe+Mo,0.21
Beaver Dam,2021,JJ50,0.12,0,0.1,P+Fe+Mo,0.22
Beaver Dam,2021,JJ51,0.08,0.06,0.06,P+Fe+Ni,0.2
Beaver Dam,2021,JJ52,0.45,0.22,0.49,P+Fe+Ni,1.16
Beaver Dam,2021,JJ53,0.23,0.1,0.29,P+Fe+Ni,0.62
Beaver Dam,2021,JJ54,0.08,0.1,0.05,P+Fe+Ni,0.23
Beaver Dam,2021,JJ55,0.1,0.04,0.1,P+Fe+Ni,0.24
Big Garlic,2021,T01,1.93,0,0.47,Control,2.4
Big Garlic,2021,T02,1.39,0,0.43,Control,1.82
Big Garlic,2021,T03,1.14,0,0.46,Control,1.6
Big Garlic,2021,T04,1.56,0,0.61,Control,2.17
Big Garlic,2021,T05,1.57,0,0.44,Control,2.01
Big Garlic,2021,T06,1.72,0,0.58,N,2.3
Big Garlic,2021,T07,1.83,0.26,0.46,N,2.55
Big Garlic,2021,T08,1.84,0,0.75,N,2.59
Big Garlic,2021,T09,1.03,0,0.26,N,1.29
Big Garlic,2021,T10,1.21,0,0.44,N,1.65
Big Garlic,2021,T11,1.88,0,0.84,P,2.72
Big Garlic,2021,T12,2.06,0,0.59,P,2.65
Big Garlic,2021,T13,1.29,0,0.41,P,1.7
Big Garlic,2021,T14,1.52,0,0.67,P,2.19
Big Garlic,2021,T15,1.83,0.3,0.38,P,2.51
Big Garlic,2021,T16,1.69,0,0.62,N+P,2.31
Big Garlic,2021,T17,1.7,0,0.65,N+P,2.35
Big Garlic,2021,T18,1.36,0,0.57,N+P,1.93
Big Garlic,2021,T19,1.62,0,0.63,N+P,2.25
Big Garlic,2021,T20,1.49,0,0.56,N+P,2.05
Big Garlic,2021,T21,1.3,0.34,0.34,Zn+Co,1.98
Big Garlic,2021,T22,1.51,0,0.57,Zn+Co,2.08
Big Garlic,2021,T23,1.48,0,0.68,Zn+Co,2.16
Big Garlic,2021,T24,1.46,0,0.57,Zn+Co,2.03
Big Garlic,2021,T25,1.81,0,0.62,Zn+Co,2.43
Big Garlic,2021,T26,1.48,0,0.57,Fe,2.05
Big Garlic,2021,T27,1.57,0,0.47,Fe,2.04
Big Garlic,2021,T28,1.41,0,0.7,Fe,2.11
Big Garlic,2021,T29,1.54,0,0.58,Fe,2.12
Big Garlic,2021,T30,2.03,0,0.58,Fe,2.61
Big Garlic,2021,T31,1.68,0.11,0.45,P+Fe,2.24
Big Garlic,2021,T32,1.51,0,0.68,P+Fe,2.19
Big Garlic,2021,T33,1.85,0,0.7,P+Fe,2.55
Big Garlic,2021,T34,1.4,0,0.46,P+Fe,1.86
Big Garlic,2021,T35,1.92,0,0.85,P+Fe,2.77
Big Garlic,2021,T36,1.46,0,0.5,N+P+Fe,1.96
Big Garlic,2021,T37,1.48,0,0.43,N+P+Fe,1.91
Big Garlic,2021,T38,1.37,0,0.56,N+P+Fe,1.93
Big Garlic,2021,T39,1.95,0.07,0.48,N+P+Fe,2.5
Big Garlic,2021,T40,1.44,0,0.52,N+P+Fe,1.96
Big Garlic,2021,T41,1.18,0,0.51,N+Fe+Zn,1.69
Big Garlic,2021,T42,1.39,0,0.51,N+Fe+Zn,1.9
Big Garlic,2021,T43,2.38,0,0.62,N+Fe+Zn,3
Big Garlic,2021,T44,1.63,0,0.58,N+Fe+Zn,2.21
Big Garlic,2021,T45,1.35,0,0.39,N+Fe+Zn,1.74
Big Garlic,2021,T46,1.26,0,0.48,P+Fe+Mo,1.74
Big Garlic,2021,T47,2.05,0,0.48,P+Fe+Mo,2.53
Big Garlic,2021,T48,1.79,0,0.64,P+Fe+Mo,2.43
Big Garlic,2021,T49,1.32,0,0.5,P+Fe+Mo,1.82
Big Garlic,2021,T50,1.98,0,0.52,P+Fe+Mo,2.5
Big Garlic,2021,T51,1.82,0,0.73,P+Fe+Ni,2.55
Big Garlic,2021,T52,2.07,0.01,0.58,P+Fe+Ni,2.66
Big Garlic,2021,T53,1.54,0,0.37,P+Fe+Ni,1.91
Big Garlic,2021,T54,1.75,0,0.6,P+Fe+Ni,2.35
Big Garlic,2021,T55,1.32,0.17,0.38,P+Fe+Ni,1.87
Big Pup,2021,R01,2.44,0,0.96,Control,3.4
Big Pup,2021,R02,1.84,0,0.85,Control,2.69
Big Pup,2021,R03,1.8,0,0.92,Control,2.72
Big Pup,2021,R04,1.61,0,0.78,Control,2.39
Big Pup,2021,R05,2.77,0,1.07,Control,3.84
Big Pup,2021,R06,1.42,0,0.81,N,2.23
Big Pup,2021,R07,2.94,0,1.19,N,4.13
Big Pup,2021,R08,2.09,0,0.85,N,2.94
Big Pup,2021,R09,2.47,0,0.82,N,3.29
Big Pup,2021,R10,2.51,0,0.93,N,3.44
Big Pup,2021,R11,2.57,0,1.08,P,3.65
Big Pup,2021,R12,2.46,0,1.13,P,3.59
Big Pup,2021,R13,1.79,0,0.84,P,2.63
Big Pup,2021,R14,2.9,0,1.14,P,4.04
Big Pup,2021,R15,1.9,0,0.97,P,2.87
Big Pup,2021,R16,2.49,0,1.12,N+P,3.61
Big Pup,2021,R17,1.88,0,0.75,N+P,2.63
Big Pup,2021,R18,1.72,0,0.67,N+P,2.39
Big Pup,2021,R19,2.34,0,1.02,N+P,3.36
Big Pup,2021,R20,1.96,0,1.1,N+P,3.06
Big Pup,2021,R21,1.59,0,0.84,Zn+Co,2.43
Big Pup,2021,R22,1.43,0,0.77,Zn+Co,2.2
Big Pup,2021,R23,2.07,0,0.82,Zn+Co,2.89
Big Pup,2021,R24,1.79,0,0.87,Zn+Co,2.66
Big Pup,2021,R25,2.16,0,0.96,Zn+Co,3.12
Big Pup,2021,R26,2.72,0,0.98,Fe,3.7
Big Pup,2021,R27,3.01,0,1,Fe,4.01
Big Pup,2021,R28,1.96,0,0.8,Fe,2.76
Big Pup,2021,R29,1.53,0,0.79,Fe,2.32
Big Pup,2021,R30,1.67,0,0.76,Fe,2.43
Big Pup,2021,R31,2.16,0,0.93,P+Fe,3.09
Big Pup,2021,R32,NA,NA,NA,P+Fe,NA
Big Pup,2021,R33,2.57,0,1.06,P+Fe,3.63
Big Pup,2021,R34,2.31,0,1.05,P+Fe,3.36
Big Pup,2021,R35,2.26,0,1.07,P+Fe,3.33
Big Pup,2021,R36,2.12,0,0.94,N+P+Fe,3.06
Big Pup,2021,R37,1.71,0,0.74,N+P+Fe,2.45
Big Pup,2021,R38,2.14,0,0.84,N+P+Fe,2.98
Big Pup,2021,R39,2.65,0,1.13,N+P+Fe,3.78
Big Pup,2021,R40,2.58,0,1.05,N+P+Fe,3.63
Big Pup,2021,R41,2.02,0,0.81,N+Fe+Zn,2.83
Big Pup,2021,R42,3.06,0,0.95,N+Fe+Zn,4.01
Big Pup,2021,R43,1.78,0,0.92,N+Fe+Zn,2.7
Big Pup,2021,R44,2.27,0,0.88,N+Fe+Zn,3.15
Big Pup,2021,R45,1.86,0,0.76,N+Fe+Zn,2.62
Big Pup,2021,R46,2.19,0,0.96,P+Fe+Mo,3.15
Big Pup,2021,R47,1.79,0,0.87,P+Fe+Mo,2.66
Big Pup,2021,R48,2.35,0,0.85,P+Fe+Mo,3.2
Big Pup,2021,R50,2.98,0,1.17,P+Fe+Mo,4.15
Big Pup,2021,R51,2.56,0,1.05,P+Fe+Ni,3.61
Big Pup,2021,R52,2.9,0,1.16,P+Fe+Ni,4.06
Big Pup,2021,R53,2.1,0,0.86,P+Fe+Ni,2.96
Big Pup,2021,R54,NA,NA,NA,P+Fe+Ni,NA
Big Pup,2021,R55,3.07,0,1,P+Fe+Ni,4.07
Cedar,2021,M01,2.14,0,0.81,Control,2.95
Cedar,2021,M02,1.68,0,0.66,Control,2.34
Cedar,2021,M03,1.62,0,0.72,Control,2.34
Cedar,2021,M04,2.3,0,0.92,Control,3.22
Cedar,2021,M05,1.43,0,0.65,Control,2.08
Cedar,2021,M06,2.16,0,0.65,N,2.81
Cedar,2021,M07,1.46,0,0.72,N,2.18
Cedar,2021,M08,1.41,0,0.6,N,2.01
Cedar,2021,M09,1.74,0,0.75,N,2.49
Cedar,2021,M10,1.9,0,0.73,N,2.63
Cedar,2021,M11,1.85,0,0.74,P,2.59
Cedar,2021,M12,2.1,0,0.87,P,2.97
Cedar,2021,M13,1.75,0,0.8,P,2.55
Cedar,2021,M14,1.45,0,0.72,P,2.17
Cedar,2021,M15,1.81,0,0.75,P,2.56
Cedar,2021,M16,2.61,0,0.89,N+P,3.5
Cedar,2021,M17,1.6,0,0.66,N+P,2.26
Cedar,2021,M18,1.61,0,0.81,N+P,2.42
Cedar,2021,M19,2.1,0,0.72,N+P,2.82
Cedar,2021,M20,1.9,0,0.59,N+P,2.49
Cedar,2021,M21,1.84,0,0.75,Zn+Co,2.59
Cedar,2021,M22,2.83,0,0.69,Zn+Co,3.52
Cedar,2021,M23,1.73,0,0.8,Zn+Co,2.53
Cedar,2021,M24,1.57,0,0.75,Zn+Co,2.32
Cedar,2021,M25,1.45,0,0.61,Zn+Co,2.06
Cedar,2021,M27,1.44,0,0.58,Fe,2.02
Cedar,2021,M28,2.33,0,0.92,Fe,3.25
Cedar,2021,M30,2,0,0.75,Fe,2.75
Cedar,2021,M31,1.67,0,0.65,P+Fe,2.32
Cedar,2021,M32,2.13,0,0.83,P+Fe,2.96
Cedar,2021,M33,1.78,0,0.57,P+Fe,2.35
Cedar,2021,M34,2.42,0,0.92,P+Fe,3.34
Cedar,2021,M35,2.04,0,0.95,P+Fe,2.99
Cedar,2021,M36,1.59,0,0.78,N+P+Fe,2.37
Cedar,2021,M37,1.84,0,0.62,N+P+Fe,2.46
Cedar,2021,M38,2.31,0,0.99,N+P+Fe,3.3
Cedar,2021,M39,2.57,0,0.75,N+P+Fe,3.32
Cedar,2021,M40,1.48,0,0.62,N+P+Fe,2.1
Cedar,2021,M43,2.13,0,0.88,N+Fe+Zn,3.01
Cedar,2021,M41,2.46,0,0.92,N+Fe+Zn,3.38
Cedar,2021,M42,1.75,0,0.74,N+Fe+Zn,2.49
Cedar,2021,M44,1.41,0,0.56,N+Fe+Zn,1.97
Cedar,2021,M45,1.71,0,0.68,N+Fe+Zn,2.39
Cedar,2021,M46,2.1,0,0.74,P+Fe+Mo,2.84
Cedar,2021,M47,1.45,0,0.65,P+Fe+Mo,2.1
Cedar,2021,M48,1.4,0,0.6,P+Fe+Mo,2
Cedar,2021,M49,2.49,0,0.87,P+Fe+Mo,3.36
Cedar,2021,M50,1.56,0,0.61,P+Fe+Mo,2.17
Cedar,2021,M51,1.39,0,0.57,P+Fe+Ni,1.96
Cedar,2021,M52,1.45,0,0.6,P+Fe+Ni,2.05
Cedar,2021,M53,1.53,0,0.72,P+Fe+Ni,2.25
Cedar,2021,M54,2.9,0,1.04,P+Fe+Ni,3.94
Cedar,2021,M55,1.88,0,0.71,P+Fe+Ni,2.59
Cemetary,2021,HH01,0.82,0,0.11,Control,0.93
Cemetary,2021,HH02,0.87,0,0.18,Control,1.05
Cemetary,2021,HH03,0.76,0,0.09,Control,0.85
Cemetary,2021,HH04,0.75,0,0.16,Control,0.91
Cemetary,2021,HH05,1.32,0,0.25,Control,1.57
Cemetary,2021,HH06,0.88,0,0.14,Control,1.02
Cemetary,2021,HH07,0.9,0,0.19,Control,1.09
Cemetary,2021,HH08,0.91,0,0.16,Control,1.07
Cemetary,2021,HH09,1.1,0,0.46,N,1.56
Cemetary,2021,HH10,2.74,0,0.74,N,3.48
Cemetary,2021,HH11,3.04,0,1,N,4.04
Cemetary,2021,HH12,2.5,0,0.73,N,3.23
Cemetary,2021,HH13,2.33,0,0.87,N,3.2
Cemetary,2021,HH14,2.83,0,1.11,N,3.94
Cemetary,2021,HH15,2.4,0,0.57,N,2.97
Cemetary,2021,HH16,2.85,0,0.78,N,3.63
Cemetary,2021,HH17,0.97,0,0.17,P,1.14
Cemetary,2021,HH18,0.93,0,0.19,P,1.12
Cemetary,2021,HH19,0.94,0,0.19,P,1.13
Cemetary,2021,HH20,0.81,0,0.08,P,0.89
Cemetary,2021,HH21,1.18,0,0.14,P,1.32
Cemetary,2021,HH22,1.17,0,0.21,P,1.38
Cemetary,2021,HH23,1.16,0,0.21,P,1.37
Cemetary,2021,HH24,0.75,0,0.16,P,0.91
Cemetary,2021,HH25,4.73,0,1.56,N+P,6.29
Cemetary,2021,HH26,3.39,0,1.11,N+P,4.5
Cemetary,2021,HH27,3.15,0,0.74,N+P,3.89
Cemetary,2021,HH28,4.05,0,1.48,N+P,5.53
Cemetary,2021,HH29,1.79,0,0.69,N+P,2.48
Cemetary,2021,HH30,1.76,0,0.35,N+P,2.11
Cemetary,2021,HH31,4.44,0.73,1.59,N+P,6.76
Cemetary,2021,HH32,2.92,0,0.8,N+P,3.72
Cemetary,2021,HH33,1.12,0,0.25,Zn+Co,1.37
Cemetary,2021,HH36,0.6,0,0.08,Zn+Co,0.68
Cemetary,2021,HH37,0.58,0.05,0.06,Zn+Co,0.69
Cemetary,2021,HH38,0.91,0,0.17,Zn+Co,1.08
Cemetary,2021,HH39,1.35,0,0.29,Zn+Co,1.64
Cemetary,2021,HH40,0.85,0,0.09,Zn+Co,0.94
Cemetary,2021,HH41,0.99,0,0.16,Fe,1.15
Cemetary,2021,HH44,0.99,0,0.25,Fe,1.24
Cemetary,2021,HH45,0.99,0,0.19,Fe,1.18
Cemetary,2021,HH46,1.21,0,0.21,Fe,1.42
Cemetary,2021,HH47,0.55,0,0.12,Fe,0.67
Cemetary,2021,HH48,1.1,0,0.31,Fe,1.41
Cemetary,2021,HH49,0.63,0,0.07,P+Fe,0.7
Cemetary,2021,HH50,1.05,0,0.22,P+Fe,1.27
Cemetary,2021,HH51,1.22,0,0.07,P+Fe,1.29
Cemetary,2021,HH52,0.84,0,0.19,P+Fe,1.03
Cemetary,2021,HH53,1.3,0,0.3,P+Fe,1.6
Cemetary,2021,HH54,0.93,0,0.17,P+Fe,1.1
Cemetary,2021,HH56,0.77,0,0.16,P+Fe,0.93
Cemetary,2021,HH57,3.32,0,1.06,N+P+Fe,4.38
Cemetary,2021,HH58,4.24,0,1.34,N+P+Fe,5.58
Cemetary,2021,HH59,3.62,1.77,1.53,N+P+Fe,6.92
Cemetary,2021,HH60,2.88,0,0.73,N+P+Fe,3.61
Cemetary,2021,HH61,3.36,0,1.28,N+P+Fe,4.64
Cemetary,2021,HH62,4.59,0,1.55,N+P+Fe,6.14
Cemetary,2021,HH63,2.77,0,0.94,N+P+Fe,3.71
Cemetary,2021,HH64,4.38,0,1.79,N+P+Fe,6.17
Cemetary,2021,HH65,2.41,0.01,0.58,N+Fe+Zn,3
Cemetary,2021,HH66,3.7,0,1.09,N+Fe+Zn,4.79
Cemetary,2021,HH67,4.24,0,1.28,N+Fe+Zn,5.52
Cemetary,2021,HH68,3.38,0,1.11,N+Fe+Zn,4.49
Cemetary,2021,HH69,3.27,0,0.82,N+Fe+Zn,4.09
Cemetary,2021,HH70,3.14,0,1.16,N+Fe+Zn,4.3
Cemetary,2021,HH71,1.76,0,0.5,N+Fe+Zn,2.26
Cemetary,2021,HH72,2.94,0,0.71,N+Fe+Zn,3.65
Cemetary,2021,HH74,1.64,0,0.33,P+Fe+Mo,1.97
Cemetary,2021,HH75,0.82,0,0.09,P+Fe+Mo,0.91
Cemetary,2021,HH76,0.77,0,0.07,P+Fe+Mo,0.84
Cemetary,2021,HH77,0.69,0,0.14,P+Fe+Mo,0.83
Cemetary,2021,HH78,1.19,0,0.22,P+Fe+Mo,1.41
Cemetary,2021,HH79,1.04,0,0.21,P+Fe+Mo,1.25
Cemetary,2021,HH80,1.1,0,0.19,P+Fe+Mo,1.29
Cemetary,2021,HH81,1.11,0,0.21,P+Fe+Ni,1.32
Cemetary,2021,HH82,1.34,0,0.3,P+Fe+Ni,1.64
Cemetary,2021,HH83,0.56,0.03,0.07,P+Fe+Ni,0.66
Cemetary,2021,HH84,1,0,0.23,P+Fe+Ni,1.23
Cemetary,2021,HH85,0.9,0,0.18,P+Fe+Ni,1.08
Cemetary,2021,HH86,1.24,0,0.27,P+Fe+Ni,1.51
Cemetary,2021,HH87,1.37,0,0.24,P+Fe+Ni,1.61
Cemetary,2021,HH88,0.93,0,0.17,P+Fe+Ni,1.1
Central,2021,Z01,0.14,0.01,0.15,Control,0.3
Central,2021,Z02,0.22,0.08,0.12,Control,0.42
Central,2021,Z03,0.13,0.02,0.1,Control,0.25
Central,2021,Z04,0.13,0.03,0.08,Control,0.24
Central,2021,Z05,0.16,0.09,0.14,Control,0.39
Central,2021,Z06,0.88,0.18,0.7,N,1.76
Central,2021,Z07,0.37,0,0.39,N,0.76
Central,2021,Z08,0.56,0,0.6,N,1.16
Central,2021,Z09,0.45,0.11,0.54,N,1.1
Central,2021,Z10,0.38,0.23,0.64,N,1.25
Central,2021,Z11,0.18,0.25,0.19,P,0.62
Central,2021,Z12,0.12,0.02,0.07,P,0.21
Central,2021,Z13,0.13,0.07,0.13,P,0.33
Central,2021,Z14,0.2,0.01,0.23,P,0.44
Central,2021,Z15,0.2,0,0.25,P,0.45
Central,2021,Z16,0.26,0.21,0.55,N+P,1.02
Central,2021,Z17,0.72,0.34,0.72,N+P,1.78
Central,2021,Z18,0.61,0,0.82,N+P,1.43
Central,2021,Z19,0.54,0.46,0.94,N+P,1.94
Central,2021,Z20,1.21,0,1.08,N+P,2.29
Central,2021,Z21,0.14,0.01,0.13,Zn+Co,0.28
Central,2021,Z22,0.18,0.01,0.14,Zn+Co,0.33
Central,2021,Z23,0.25,0.2,0.27,Zn+Co,0.72
Central,2021,Z24,0.18,0,0.17,Zn+Co,0.35
Central,2021,Z25,0.03,0.11,0.06,Zn+Co,0.2
Central,2021,Z26,0.19,0,0.18,Fe,0.37
Central,2021,Z27,0.1,0.05,0.09,Fe,0.24
Central,2021,Z28,0.15,0.02,0.17,Fe,0.34
Central,2021,Z29,0.16,0.14,0.18,Fe,0.48
Central,2021,Z30,0.19,0.15,0.2,Fe,0.54
Central,2021,Z31,0.13,0.25,0.25,P+Fe,0.63
Central,2021,Z32,0.21,0.06,0.19,P+Fe,0.46
Central,2021,Z33,0.16,0.06,0.16,P+Fe,0.38
Central,2021,Z34,0.26,0.21,0.27,P+Fe,0.74
Central,2021,Z35,0.14,0.12,0.15,P+Fe,0.41
Central,2021,Z36,2.11,0,1.71,N+P+Fe,3.82
Central,2021,Z37,1.37,0.05,1.39,N+P+Fe,2.81
Central,2021,Z38,0.65,0.98,0.99,N+P+Fe,2.62
Central,2021,Z39,0.8,0,0.89,N+P+Fe,1.69
Central,2021,Z40,0.42,0.03,0.42,N+P+Fe,0.87
Central,2021,Z41,0.19,0.16,0.34,N+Fe+Zn,0.69
Central,2021,Z42,0.5,0.87,1.22,N+Fe+Zn,2.59
Central,2021,Z43,0.3,0.12,0.45,N+Fe+Zn,0.87
Central,2021,Z44,0.4,0.27,0.76,N+Fe+Zn,1.43
Central,2021,Z45,0.64,0,0.54,N+Fe+Zn,1.18
Central,2021,Z46,0.13,0.16,0.2,P+Fe+Mo,0.49
Central,2021,Z47,0.21,0,0.23,P+Fe+Mo,0.44
Central,2021,Z48,0.13,0.01,0.28,P+Fe+Mo,0.42
Central,2021,Z49,0.09,0.11,0.13,P+Fe+Mo,0.33
Central,2021,Z50,0.17,0.07,0.15,P+Fe+Mo,0.39
Central,2021,Z51,0.23,0.08,0.17,P+Fe+Ni,0.48
Central,2021,Z52,0.26,0.1,0.26,P+Fe+Ni,0.62
Central,2021,Z53,0.28,0.07,0.22,P+Fe+Ni,0.57
Central,2021,Z54,0.18,0.22,0.36,P+Fe+Ni,0.76
Central,2021,Z55,0.37,0.06,0.17,P+Fe+Ni,0.6
Chagrin,2021,GG01,0.52,0.12,0.15,Control,0.79
Chagrin,2021,GG02,0.6,0.04,0.17,Control,0.81
Chagrin,2021,GG03,0.47,0.07,0.12,Control,0.66
Chagrin,2021,GG04,0.66,0.06,0.16,Control,0.88
Chagrin,2021,GG05,0.54,0.02,0.14,Control,0.7
Chagrin,2021,GG06,0.44,0.09,0.11,Control,0.64
Chagrin,2021,GG07,0.7,0.06,0.17,Control,0.93
Chagrin,2021,GG08,0.6,0.02,0.16,Control,0.78
Chagrin,2021,GG09,3.4,0,1.08,N,4.48
Chagrin,2021,GG10,2.45,0,0.76,N,3.21
Chagrin,2021,GG11,2.12,0,0.82,N,2.94
Chagrin,2021,GG12,2.91,0,0.92,N,3.83
Chagrin,2021,GG13,2.07,0.09,0.71,N,2.87
Chagrin,2021,GG14,2.36,0,0.83,N,3.19
Chagrin,2021,GG15,1.43,0,0.46,N,1.89
Chagrin,2021,GG16,2.21,0,0.68,N,2.89
Chagrin,2021,GG17,0.66,0.01,0.17,P,0.84
Chagrin,2021,GG18,0.47,0.01,0.11,P,0.59
Chagrin,2021,GG19,0.58,0.1,0.19,P,0.87
Chagrin,2021,GG20,0.59,0.12,0.13,P,0.84
Chagrin,2021,GG21,0.56,0.13,0.17,P,0.86
Chagrin,2021,GG22,0.54,0.08,0.19,P,0.81
Chagrin,2021,GG23,0.54,0.16,0.17,P,0.87
Chagrin,2021,GG24,0.68,0.06,0.17,P,0.91
Chagrin,2021,GG25,3.93,0,2.11,N+P,6.04
Chagrin,2021,GG26,4.35,0,2.03,N+P,6.38
Chagrin,2021,GG27,3.48,0,1.96,N+P,5.44
Chagrin,2021,GG28,4.25,0,2.05,N+P,6.3
Chagrin,2021,GG29,3.57,0,1.63,N+P,5.2
Chagrin,2021,GG30,3.89,0,2.18,N+P,6.07
Chagrin,2021,GG31,3.83,0,1.93,N+P,5.76
Chagrin,2021,GG32,4.5,0,2.43,N+P,6.93
Chagrin,2021,GG33,0.5,0.06,0.12,Zn+Co,0.68
Chagrin,2021,GG34,0.61,0.07,0.13,Zn+Co,0.81
Chagrin,2021,GG35,0.43,0.14,0.11,Zn+Co,0.68
Chagrin,2021,GG36,0.49,0.14,0.11,Zn+Co,0.74
Chagrin,2021,GG37,0.56,0.05,0.13,Zn+Co,0.74
Chagrin,2021,GG38,0.56,0.06,0.13,Zn+Co,0.75
Chagrin,2021,GG39,0.46,0.1,0.1,Zn+Co,0.66
Chagrin,2021,GG40,0.68,0.03,0.19,Zn+Co,0.9
Chagrin,2021,GG41,0.6,0.06,0.21,Fe,0.87
Chagrin,2021,GG42,0.41,0.08,0.08,Fe,0.57
Chagrin,2021,GG43,0.61,0.06,0.18,Fe,0.85
Chagrin,2021,GG44,0.71,0.1,0.14,Fe,0.95
Chagrin,2021,GG45,0.52,0.06,0.14,Fe,0.72
Chagrin,2021,GG46,0.55,0.1,0.17,Fe,0.82
Chagrin,2021,GG47,0.56,0.08,0.13,Fe,0.77
Chagrin,2021,GG48,0.56,0.05,0.15,Fe,0.76
Chagrin,2021,GG49,0.46,0.12,0.13,P+Fe,0.71
Chagrin,2021,GG50,0.36,0.06,0.08,P+Fe,0.5
Chagrin,2021,GG51,0.42,0.04,0.1,P+Fe,0.56
Chagrin,2021,GG52,0.53,0.04,0.13,P+Fe,0.7
Chagrin,2021,GG53,0.51,0.06,0.12,P+Fe,0.69
Chagrin,2021,GG54,0.64,0.1,0.18,P+Fe,0.92
Chagrin,2021,GG55,0.64,0.07,0.18,P+Fe,0.89
Chagrin,2021,GG56,0.86,0,0.27,P+Fe,1.13
Chagrin,2021,GG57,2.26,0,2.63,N+P+Fe,4.89
Chagrin,2021,GG58,3.28,0,1.35,N+P+Fe,4.63
Chagrin,2021,GG59,4.38,0,1.91,N+P+Fe,6.29
Chagrin,2021,GG60,3.31,0,1.87,N+P+Fe,5.18
Chagrin,2021,GG61,4.29,0,2.23,N+P+Fe,6.52
Chagrin,2021,GG62,3.98,0,2.5,N+P+Fe,6.48
Chagrin,2021,GG63,2.81,0,1.94,N+P+Fe,4.75
Chagrin,2021,GG64,3.47,0,1.73,N+P+Fe,5.2
Chagrin,2021,GG65,1.77,0,0.73,N+Fe+Zn,2.5
Chagrin,2021,GG66,2.31,0,0.66,N+Fe+Zn,2.97
Chagrin,2021,GG67,2.16,0,0.94,N+Fe+Zn,3.1
Chagrin,2021,GG68,1.63,0,0.56,N+Fe+Zn,2.19
Chagrin,2021,GG69,1.83,0,0.6,N+Fe+Zn,2.43
Chagrin,2021,GG70,3.2,0,0.96,N+Fe+Zn,4.16
Chagrin,2021,GG71,2.3,0,0.69,N+Fe+Zn,2.99
Chagrin,2021,GG72,1.72,0,0.54,N+Fe+Zn,2.26
Chagrin,2021,GG73,0.53,0.09,0.12,P+Fe+Mo,0.74
Chagrin,2021,GG74,0.61,0.14,0.2,P+Fe+Mo,0.95
Chagrin,2021,GG75,0.66,0,0.16,P+Fe+Mo,0.82
Chagrin,2021,GG76,0.59,0.12,0.12,P+Fe+Mo,0.83
Chagrin,2021,GG77,0.77,0.02,0.2,P+Fe+Mo,0.99
Chagrin,2021,GG78,0.59,0.01,0.16,P+Fe+Mo,0.76
Chagrin,2021,GG79,0.52,0.09,0.15,P+Fe+Mo,0.76
Chagrin,2021,GG80,0.62,0,0.17,P+Fe+Mo,0.79
Chagrin,2021,GG81,0.62,0.14,0.19,P+Fe+Ni,0.95
Chagrin,2021,GG82,0.55,0.12,0.15,P+Fe+Ni,0.82
Chagrin,2021,GG83,0.61,0.15,0.17,P+Fe+Ni,0.93
Chagrin,2021,GG84,0.49,0.11,0.11,P+Fe+Ni,0.71
Chagrin,2021,GG85,0.76,0.02,0.19,P+Fe+Ni,0.97
Chagrin,2021,GG86,0.65,0.1,0.1,P+Fe+Ni,0.85
Chagrin,2021,GG87,0.46,0.11,0.11,P+Fe+Ni,0.68
Chagrin,2021,GG88,0.52,0.14,0.07,P+Fe+Ni,0.73
Clark,2021,S01,0.39,0.03,0.23,Control,0.65
Clark,2021,S02,0.35,0.01,0.2,Control,0.56
Clark,2021,S03,0.39,0,0.24,Control,0.63
Clark,2021,S04,0.39,0.01,0.26,Control,0.66
Clark,2021,S05,0.27,0,0.12,Control,0.39
Clark,2021,S06,0.41,0.08,0.28,N,0.77
Clark,2021,S07,0.33,0.03,0.23,N,0.59
Clark,2021,S08,0.37,0.04,0.23,N,0.64
Clark,2021,S09,0.46,0.01,0.35,N,0.82
Clark,2021,S10,0.45,0.02,0.32,N,0.79
Clark,2021,S11,0.49,0,0.29,P,0.78
Clark,2021,S12,0.4,0.08,0.2,P,0.68
Clark,2021,S13,0.46,0,0.26,P,0.72
Clark,2021,S15,0.42,0.05,0.25,P,0.72
Clark,2021,S16,0.75,0,0.54,N+P,1.29
Clark,2021,S17,0.44,0,0.3,N+P,0.74
Clark,2021,S18,0.4,0,0.27,N+P,0.67
Clark,2021,S19,0.47,0.03,0.29,N+P,0.79
Clark,2021,S20,0.47,0,0.35,N+P,0.82
Clark,2021,S21,0.44,0,0.25,Zn+Co,0.69
Clark,2021,S22,0.34,0.02,0.21,Zn+Co,0.57
Clark,2021,S23,0.37,0.07,0.25,Zn+Co,0.69
Clark,2021,S24,0.42,0,0.3,Zn+Co,0.72
Clark,2021,S26,0.32,0,0.18,Fe,0.5
Clark,2021,S27,0.38,0.03,0.27,Fe,0.68
Clark,2021,S28,0.4,0,0.3,Fe,0.7
Clark,2021,S29,0.37,0.01,0.25,Fe,0.63
Clark,2021,S30,0.39,0.03,0.23,Fe,0.65
Clark,2021,S31,0.39,0,0.23,P+Fe,0.62
Clark,2021,S32,0.51,0.05,0.33,P+Fe,0.89
Clark,2021,S33,0.41,0,0.24,P+Fe,0.65
Clark,2021,S34,0.37,0.06,0.24,P+Fe,0.67
Clark,2021,S35,0.38,0.05,0.19,P+Fe,0.62
Clark,2021,S36,0.39,0,0.28,N+P+Fe,0.67
Clark,2021,S37,0.53,0,0.37,N+P+Fe,0.9
Clark,2021,S38,0.34,0.01,0.23,N+P+Fe,0.58
Clark,2021,S39,0.59,0,0.46,N+P+Fe,1.05
Clark,2021,S40,0.33,0.02,0.22,N+P+Fe,0.57
Clark,2021,S41,0.3,0.07,0.18,N+Fe+Zn,0.55
Clark,2021,S43,0.36,0.05,0.22,N+Fe+Zn,0.63
Clark,2021,S44,0.36,0.1,0.23,N+Fe+Zn,0.69
Clark,2021,S45,0.41,0.06,0.29,N+Fe+Zn,0.76
Clark,2021,S46,0.34,0.01,0.17,P+Fe+Mo,0.52
Clark,2021,S47,0.4,0.02,0.24,P+Fe+Mo,0.66
Clark,2021,S48,0.49,0,0.29,P+Fe+Mo,0.78
Clark,2021,S49,0.39,0.03,0.26,P+Fe+Mo,0.68
Clark,2021,S50,0.44,0.1,0.28,P+Fe+Mo,0.82
Clark,2021,S51,0.43,0,0.29,P+Fe+Ni,0.72
Clark,2021,S52,0.3,0.07,0.14,P+Fe+Ni,0.51
Clark,2021,S53,0.41,0.02,0.26,P+Fe+Ni,0.69
Clark,2021,S54,0.35,0.08,0.16,P+Fe+Ni,0.59
Clark,2021,S55,0.61,0,0.36,P+Fe+Ni,0.97
Cliff,2021,W01,0.74,0.05,0.31,Control,1.1
Cliff,2021,W02,0.62,0.22,0.3,Control,1.14
Cliff,2021,W03,0.91,0.23,0.44,Control,1.58
Cliff,2021,W04,0.76,0.26,0.43,Control,1.45
Cliff,2021,W05,0.96,0.13,0.39,Control,1.48
Cliff,2021,W06,0.83,0.31,0.83,N,1.97
Cliff,2021,W07,0.96,0.2,0.78,N,1.94
Cliff,2021,W08,0.72,0.21,0.43,N,1.36
Cliff,2021,W09,0.62,0.21,0.53,N,1.36
Cliff,2021,W10,0.72,0.2,0.51,N,1.43
Cliff,2021,W11,0.96,0.45,0.59,P,2
Cliff,2021,W12,1.11,0.4,0.74,P,2.25
Cliff,2021,W13,0.95,0.35,0.63,P,1.93
Cliff,2021,W14,1.11,0.36,0.68,P,2.15
Cliff,2021,W15,1.26,0.37,0.71,P,2.34
Cliff,2021,W16,0.82,0.6,0.77,N+P,2.19
Cliff,2021,W17,0.97,0.57,0.97,N+P,2.51
Cliff,2021,W18,0.54,0.43,0.7,N+P,1.67
Cliff,2021,W19,0.86,0.48,0.73,N+P,2.07
Cliff,2021,W20,0.75,0.46,0.83,N+P,2.04
Cliff,2021,W21,0.85,0.23,0.52,Zn+Co,1.6
Cliff,2021,W22,1.11,0,0.66,Zn+Co,1.77
Cliff,2021,W23,1.03,0.16,0.53,Zn+Co,1.72
Cliff,2021,W24,0.99,0.1,0.56,Zn+Co,1.65
Cliff,2021,W25,0.98,0.16,0.51,Zn+Co,1.65
Cliff,2021,W26,0.52,0.22,0.45,Fe,1.19
Cliff,2021,W27,0.6,0.02,0.34,Fe,0.96
Cliff,2021,W28,0.85,0.22,0.6,Fe,1.67
Cliff,2021,W29,1.02,0.5,0.72,Fe,2.24
Cliff,2021,W30,1.18,0.2,0.9,Fe,2.28
Cliff,2021,W31,0.92,0.32,0.71,P+Fe,1.95
Cliff,2021,W32,1.02,0.41,0.78,P+Fe,2.21
Cliff,2021,W33,1.05,0.37,0.7,P+Fe,2.12
Cliff,2021,W34,0.93,0.41,0.65,P+Fe,1.99
Cliff,2021,W35,0.9,0.36,0.65,P+Fe,1.91
Cliff,2021,W36,0.6,0.48,0.79,N+P+Fe,1.87
Cliff,2021,W37,0.87,0.93,1.01,N+P+Fe,2.81
Cliff,2021,W38,0.86,0.29,1.07,N+P+Fe,2.22
Cliff,2021,W39,0.95,0.3,1.07,N+P+Fe,2.32
Cliff,2021,W40,1.45,0.27,1.63,N+P+Fe,3.35
Cliff,2021,W41,1.02,0.56,0.96,N+Fe+Zn,2.54
Cliff,2021,W42,0.74,0.7,0.97,N+Fe+Zn,2.41
Cliff,2021,W43,0.66,0.36,0.63,N+Fe+Zn,1.65
Cliff,2021,W44,0.62,0.22,0.55,N+Fe+Zn,1.39
Cliff,2021,W45,0.66,0.33,0.69,N+Fe+Zn,1.68
Cliff,2021,W46,0.89,0.54,0.6,P+Fe+Mo,2.03
Cliff,2021,W47,1.54,0.23,1.07,P+Fe+Mo,2.84
Cliff,2021,W48,0.97,0.17,0.64,P+Fe+Mo,1.78
Cliff,2021,W49,0.7,0.66,0.61,P+Fe+Mo,1.97
Cliff,2021,W50,1.01,0,0.61,P+Fe+Mo,1.62
Cliff,2021,W51,0.85,0.41,0.64,P+Fe+Ni,1.9
Cliff,2021,W52,0.84,0.6,0.61,P+Fe+Ni,2.05
Cliff,2021,W53,1.1,0.48,0.76,P+Fe+Ni,2.34
Cliff,2021,W54,1.19,0.18,0.73,P+Fe+Ni,2.1
Cliff,2021,W55,0.82,0.47,0.59,P+Fe+Ni,1.88
Crouch,2021,KK01,0.19,0,0.15,Control,0.34
Crouch,2021,KK02,0.14,0,0.08,Control,0.22
Crouch,2021,KK03,0.23,0,0.12,Control,0.35
Crouch,2021,KK04,0.08,0,0.09,Control,0.17
Crouch,2021,KK05,0.24,0,0.12,Control,0.36
Crouch,2021,KK06,0.1,0,0.13,N,0.23
Crouch,2021,KK07,0.31,0,0.11,N,0.42
Crouch,2021,KK08,0.06,0,0.04,N,0.1
Crouch,2021,KK09,0.16,0,0.07,N,0.23
Crouch,2021,KK10,0.18,0,0.09,N,0.27
Crouch,2021,KK11,0.37,0,0.14,P,0.51
Crouch,2021,KK12,0.47,0,0.16,P,0.63
Crouch,2021,KK13,0.31,0,0.13,P,0.44
Crouch,2021,KK14,0.51,0,0.19,P,0.7
Crouch,2021,KK15,NA,NA,NA,P,NA
Crouch,2021,KK16,0.2,0,0.09,N+P,0.29
Crouch,2021,KK17,0.39,0,0.16,N+P,0.55
Crouch,2021,KK18,0.07,0,0.05,N+P,0.12
Crouch,2021,KK19,0.09,0,0.07,N+P,0.16
Crouch,2021,KK20,0.49,0,0.19,N+P,0.68
Crouch,2021,KK21,0.36,0,0.13,Zn+Co,0.49
Crouch,2021,KK22,0.09,0,0.11,Zn+Co,0.2
Crouch,2021,KK23,0.22,0,0.08,Zn+Co,0.3
Crouch,2021,KK24,0.2,0,0.09,Zn+Co,0.29
Crouch,2021,KK25,0.35,0,0.13,Zn+Co,0.48
Crouch,2021,KK26,0.09,0,0.04,Fe,0.13
Crouch,2021,KK27,0.08,0,0.12,Fe,0.2
Crouch,2021,KK28,0.45,0,0.15,Fe,0.6
Crouch,2021,KK29,0.1,0,0.06,Fe,0.16
Crouch,2021,KK30,0.16,0,0.08,Fe,0.24
Crouch,2021,KK31,0.09,0,0.11,P+Fe,0.2
Crouch,2021,KK32,0.36,0,0.12,P+Fe,0.48
Crouch,2021,KK33,0.08,0,0.06,P+Fe,0.14
Crouch,2021,KK34,0.17,0,0.11,P+Fe,0.28
Crouch,2021,KK35,0.12,0,0.1,P+Fe,0.22
Crouch,2021,KK36,0.08,0,0.06,N+P+Fe,0.14
Crouch,2021,KK37,0.42,0,0.19,N+P+Fe,0.61
Crouch,2021,KK38,0.09,0,0.11,N+P+Fe,0.2
Crouch,2021,KK39,0.46,0,0.22,N+P+Fe,0.68
Crouch,2021,KK40,0.47,0,0.24,N+P+Fe,0.71
Crouch,2021,KK41,0.13,0,0.15,N+Fe+Zn,0.28
Crouch,2021,KK42,0.09,0,0.1,N+Fe+Zn,0.19
Crouch,2021,KK43,0.07,0,0.1,N+Fe+Zn,0.17
Crouch,2021,KK44,0.37,0,0.2,N+Fe+Zn,0.57
Crouch,2021,KK45,0.09,0,0.12,N+Fe+Zn,0.21
Crouch,2021,KK46,0.24,0,0.1,P+Fe+Mo,0.34
Crouch,2021,KK47,0.12,0,0.12,P+Fe+Mo,0.24
Crouch,2021,KK48,0.43,0,0.21,P+Fe+Mo,0.64
Crouch,2021,KK49,0.14,0,0.14,P+Fe+Mo,0.28
Crouch,2021,KK50,0.37,0,0.19,P+Fe+Mo,0.56
Crouch,2021,KK51,0.39,0,0.16,P+Fe+Ni,0.55
Crouch,2021,KK52,0.11,0,0.09,P+Fe+Ni,0.2
Crouch,2021,KK53,0.34,0,0.14,P+Fe+Ni,0.48
Crouch,2021,KK54,0.25,0,0.18,P+Fe+Ni,0.43
Crouch,2021,KK55,0.06,0,0.1,P+Fe+Ni,0.16
Elm,2021,L01,0.86,0,0.38,Control,1.24
Elm,2021,L02,0.84,0.1,0.35,Control,1.29
Elm,2021,L03,0.6,0.08,0.25,Control,0.93
Elm,2021,L04,0.64,0.05,0.33,Control,1.02
Elm,2021,L05,0.5,0.17,0.28,Control,0.95
Elm,2021,L06,1.49,0,1.25,N,2.74
Elm,2021,L07,1.33,0.19,0.87,N,2.39
Elm,2021,L08,1.58,0,0.67,N,2.25
Elm,2021,L09,1.22,0,0.85,N,2.07
Elm,2021,L10,1.14,0.02,0.68,N,1.84
Elm,2021,L11,0.59,0,0.3,P,0.89
Elm,2021,L12,1.09,0.07,0.41,P,1.57
Elm,2021,L13,0.54,0.08,0.27,P,0.89
Elm,2021,L14,0.55,0.1,0.22,P,0.87
Elm,2021,L15,0.9,0.16,0.42,P,1.48
Elm,2021,L16,1.59,0,1.03,N+P,2.62
Elm,2021,L17,1.51,0,1.12,N+P,2.63
Elm,2021,L18,1.55,0.05,0.98,N+P,2.58
Elm,2021,L19,1.95,0,1.13,N+P,3.08
Elm,2021,L20,1.69,0.47,0.93,N+P,3.09
Elm,2021,L21,0.6,0.15,0.26,Zn+Co,1.01
Elm,2021,L22,0.92,0.2,0.39,Zn+Co,1.51
Elm,2021,L23,0.62,0,0.25,Zn+Co,0.87
Elm,2021,L24,1.03,0.15,0.41,Zn+Co,1.59
Elm,2021,L25,0.72,0,0.33,Zn+Co,1.05
Elm,2021,L26,1.31,0,0.51,Fe,1.82
Elm,2021,L27,0.58,0.18,0.3,Fe,1.06
Elm,2021,L28,0.87,0,0.38,Fe,1.25
Elm,2021,L29,1.5,0,0.54,Fe,2.04
Elm,2021,L30,0.86,0,0.4,Fe,1.26
Elm,2021,L31,0.74,0.05,0.26,P+Fe,1.05
Elm,2021,L32,0.64,0,0.33,P+Fe,0.97
Elm,2021,L33,1.06,0.1,0.41,P+Fe,1.57
Elm,2021,L34,0.75,0.11,0.33,P+Fe,1.19
Elm,2021,L35,0.99,0.25,0.35,P+Fe,1.59
Elm,2021,L36,1.39,0.1,0.68,N+P+Fe,2.17
Elm,2021,L37,0.88,0,0.47,N+P+Fe,1.35
Elm,2021,L38,1.64,0,0.95,N+P+Fe,2.59
Elm,2021,L39,0.94,0.01,0.46,N+P+Fe,1.41
Elm,2021,L40,1.97,0,1.1,N+P+Fe,3.07
Elm,2021,L41,1.34,0,0.76,N+Fe+Zn,2.1
Elm,2021,L42,0.5,0.04,0.28,N+Fe+Zn,0.82
Elm,2021,L43,1.8,0,1.08,N+Fe+Zn,2.88
Elm,2021,L44,1.97,0.12,1.16,N+Fe+Zn,3.25
Elm,2021,L45,0.8,0,0.38,N+Fe+Zn,1.18
Elm,2021,L46,0.71,0,0.36,P+Fe+Mo,1.07
Elm,2021,L47,0.94,0.06,0.43,P+Fe+Mo,1.43
Elm,2021,L48,0.56,0,0.28,P+Fe+Mo,0.84
Elm,2021,L49,0.66,0.11,0.35,P+Fe+Mo,1.12
Elm,2021,L50,1.36,0,0.7,P+Fe+Mo,2.06
Elm,2021,L51,0.81,0,0.35,P+Fe+Ni,1.16
Elm,2021,L52,0.48,0.06,0.19,P+Fe+Ni,0.73
Elm,2021,L53,0.62,0.18,0.2,P+Fe+Ni,1
Elm,2021,L54,0.74,0.19,0.27,P+Fe+Ni,1.2
Elm,2021,L55,0.51,0.04,0.26,P+Fe+Ni,0.81
Gratiot,2021,Y33?,1.27,0.38,0.42,P+Fe,2.07
Gratiot,2021,Y01,1.77,0.58,0.57,Control,2.92
Gratiot,2021,Y02,1.47,0.64,0.55,Control,2.66
Gratiot,2021,Y03,1.33,0.54,0.49,Control,2.36
Gratiot,2021,Y04,1.37,0.55,0.42,Control,2.34
Gratiot,2021,Y05,1.39,0.74,0.38,Control,2.51
Gratiot,2021,Y06,1.82,0.43,0.86,N,3.11
Gratiot,2021,Y07,1.89,0.52,0.89,N,3.3
Gratiot,2021,Y08,1.92,0,0.86,N,2.78
Gratiot,2021,Y09,1.85,0,0.71,N,2.56
Gratiot,2021,Y10,2.06,0.13,1.27,N,3.46
Gratiot,2021,Y11,2.94,0,0.98,P,3.92
Gratiot,2021,Y12,2.09,0.6,0.66,P,3.35
Gratiot,2021,Y13,1.9,0.02,0.65,P,2.57
Gratiot,2021,Y14,2.25,0.22,0.61,P,3.08
Gratiot,2021,Y15,1.55,0.66,0.61,P,2.82
Gratiot,2021,Y16,1.43,1.83,1.32,N+P,4.58
Gratiot,2021,Y17,2.33,0,1.49,N+P,3.82
Gratiot,2021,Y18,2.1,3.13,2.08,N+P,7.31
Gratiot,2021,Y19,2.07,1.95,1.68,N+P,5.7
Gratiot,2021,Y20,2.23,2.95,1.98,N+P,7.16
Gratiot,2021,Y21,1.44,1.1,0.58,Zn+Co,3.12
Gratiot,2021,Y22,1.49,0.06,0.43,Zn+Co,1.98
Gratiot,2021,Y23,1.12,0.64,0.49,Zn+Co,2.25
Gratiot,2021,Y24,1.65,0.37,0.57,Zn+Co,2.59
Gratiot,2021,Y25,1.16,0.59,0.44,Zn+Co,2.19
Gratiot,2021,Y26,0.8,0.86,0.6,Fe,2.26
Gratiot,2021,Y27,1.49,0.33,0.59,Fe,2.41
Gratiot,2021,Y28,1.59,0.63,0.63,Fe,2.85
Gratiot,2021,Y29,1.24,0.45,0.58,Fe,2.27
Gratiot,2021,Y30,1.52,0.52,0.59,Fe,2.63
Gratiot,2021,Y31,1.48,0.92,0.58,P+Fe,2.98
Gratiot,2021,Y34,2.11,0.16,0.72,P+Fe,2.99
Gratiot,2021,Y35,2.07,0.67,0.78,P+Fe,3.52
Gratiot,2021,Y36,2.4,1.13,1.67,N+P+Fe,5.2
Gratiot,2021,Y37,1.91,1.49,1.39,N+P+Fe,4.79
Gratiot,2021,Y38,1.37,1.9,1.22,N+P+Fe,4.49
Gratiot,2021,Y39,2.34,1.57,1.74,N+P+Fe,5.65
Gratiot,2021,Y32,2.2,0.44,0.8,P+Fe,3.44
Gratiot,2021,Y40,1.84,2.4,1.56,N+P+Fe,5.8
Gratiot,2021,Y41,1.17,1.24,0.98,N+Fe+Zn,3.39
Gratiot,2021,Y42,1.57,0.47,0.93,N+Fe+Zn,2.97
Gratiot,2021,Y43,1.84,0.63,1.09,N+Fe+Zn,3.56
Gratiot,2021,Y44,1.69,0.37,0.91,N+Fe+Zn,2.97
Gratiot,2021,Y46,1.88,0.5,0.57,P+Fe+Mo,2.95
Gratiot,2021,Y47,1.46,0.94,0.54,P+Fe+Mo,2.94
Gratiot,2021,Y48,2.14,0.48,0.72,P+Fe+Mo,3.34
Gratiot,2021,Y49,1.84,0,0.69,P+Fe+Mo,2.53
Gratiot,2021,Y50,1.25,0.68,0.61,P+Fe+Mo,2.54
Gratiot,2021,Y51,2.03,0.69,0.85,P+Fe+Ni,3.57
Gratiot,2021,Y52,1.95,0.56,0.69,P+Fe+Ni,3.2
Gratiot,2021,Y53,1.98,0.4,0.7,P+Fe+Ni,3.08
Gratiot,2021,Y54,1.68,0.9,0.7,P+Fe+Ni,3.28
Gratiot,2021,Y55,1.7,0.99,0.62,P+Fe+Ni,3.31
Hills,2021,AA01,0.89,0.1,0.29,Control,1.28
Hills,2021,AA02,0.26,0.2,0.14,Control,0.6
Hills,2021,AA03,0.52,0,0.23,Control,0.75
Hills,2021,AA04,1.07,0.09,0.31,Control,1.47
Hills,2021,AA05,0.43,0.04,0.18,Control,0.65
Hills,2021,AA06,0.74,0.07,0.47,N,1.28
Hills,2021,AA07,0.5,0,0.3,N,0.8
Hills,2021,AA08,0.45,0,0.43,N,0.88
Hills,2021,AA09,1.23,0,0.81,N,2.04
Hills,2021,AA10,1.15,0,0.58,N,1.73
Hills,2021,AA11,0.68,0,0.3,P,0.98
Hills,2021,AA12,1.24,0,0.37,P,1.61
Hills,2021,AA13,1.09,0,0.34,P,1.43
Hills,2021,AA14,0.69,0.06,0.27,P,1.02
Hills,2021,AA15,1.34,0.14,0.38,P,1.86
Hills,2021,AA16,1.76,0.67,1.31,N+P,3.74
Hills,2021,AA17,1.17,0,0.97,N+P,2.14
Hills,2021,AA18,1.04,0,0.85,N+P,1.89
Hills,2021,AA19,0.67,0.09,0.38,N+P,1.14
Hills,2021,AA20,0.96,0.35,0.61,N+P,1.92
Hills,2021,AA21,1.37,0.01,0.45,Zn+Co,1.83
Hills,2021,AA22,0.28,0,0.19,Zn+Co,0.47
Hills,2021,AA23,0.91,0,0.41,Zn+Co,1.32
Hills,2021,AA24,0.72,0.08,0.25,Zn+Co,1.05
Hills,2021,AA25,1.14,0.18,0.37,Zn+Co,1.69
Hills,2021,AA26,1.52,0.07,0.49,Fe,2.08
Hills,2021,AA27,0.7,0,0.38,Fe,1.08
Hills,2021,AA28,0.44,0,0.3,Fe,0.74
Hills,2021,AA29,1.12,0.35,0.48,Fe,1.95
Hills,2021,AA30,0.48,0.11,0.32,Fe,0.91
Hills,2021,AA31,1.41,0,0.39,P+Fe,1.8
Hills,2021,AA32,1.6,0.14,0.55,P+Fe,2.29
Hills,2021,AA33,0.89,0.88,0.36,P+Fe,2.13
Hills,2021,AA34,1,0,0.35,P+Fe,1.35
Hills,2021,AA35,1.07,0.13,0.35,P+Fe,1.55
Hills,2021,AA36,1.48,0,1.02,N+P+Fe,2.5
Hills,2021,AA37,0.73,0,0.49,N+P+Fe,1.22
Hills,2021,AA38,2.06,0.13,1.27,N+P+Fe,3.46
Hills,2021,AA39,1.59,0.44,1.04,N+P+Fe,3.07
Hills,2021,AA40,1.36,0.31,0.92,N+P+Fe,2.59
Hills,2021,AA41,0.42,0.01,0.03,N+Fe+Zn,0.46
Hills,2021,AA42,1.27,0.15,0.79,N+Fe+Zn,2.21
Hills,2021,AA43,0.73,0,0.52,N+Fe+Zn,1.25
Hills,2021,AA44,0.98,0.57,0.68,N+Fe+Zn,2.23
Hills,2021,AA45,0.46,0.12,0.4,N+Fe+Zn,0.98
Hills,2021,AA46,0.95,0.8,0.47,P+Fe+Mo,2.22
Hills,2021,AA47,0.54,0,0.29,P+Fe+Mo,0.83
Hills,2021,AA48,0.76,0.26,0.28,P+Fe+Mo,1.3
Hills,2021,AA49,0.36,0,0.25,P+Fe+Mo,0.61
Hills,2021,AA50,1.61,0,0.48,P+Fe+Mo,2.09
Hills,2021,AA51,1.15,0.09,0.38,P+Fe+Ni,1.62
Hills,2021,AA52,0.91,0.03,0.27,P+Fe+Ni,1.21
Hills,2021,AA53,1.34,0.22,0.55,P+Fe+Ni,2.11
Hills,2021,AA54,1.69,0,0.49,P+Fe+Ni,2.18
Hills,2021,AA55,0.66,0,0.35,P+Fe+Ni,1.01
Lost,2021,P01,1.75,1.06,0.57,Control,3.38
Lost,2021,P02,1.73,1.73,0.69,Control,4.15
Lost,2021,P03,1.85,0.17,0.8,Control,2.82
Lost,2021,P04,1.34,1.76,0.68,Control,3.78
Lost,2021,P05,1.81,2.5,1.02,Control,5.33
Lost,2021,P06,2.74,0.67,1.65,N,5.06
Lost,2021,P08,2.24,1.22,1.5,N,4.96
Lost,2021,P09,1.62,2.19,1.48,N,5.29
Lost,2021,P10,1.66,3.34,1.55,N,6.55
Lost,2021,P11,1.76,1.65,0.72,P,4.13
Lost,2021,P12,1.39,0.68,0.59,P,2.66
Lost,2021,P13,1.8,0.45,0.56,P,2.81
Lost,2021,P14,1.93,0.33,0.67,P,2.93
Lost,2021,P15,1.88,1.65,0.68,P,4.21
Lost,2021,P16,1.36,2.4,1.38,N+P,5.14
Lost,2021,P17,1.2,4.05,1.84,N+P,7.09
Lost,2021,P18,0.91,2.11,0.86,N+P,3.88
Lost,2021,P19,1.57,5.08,2.4,N+P,9.05
Lost,2021,P20,1.59,2.36,1.35,N+P,5.3
Lost,2021,P21,1.58,1.13,0.62,Zn+Co,3.33
Lost,2021,P22,2,0.44,0.77,Zn+Co,3.21
Lost,2021,P23,0.82,2.11,0.51,Zn+Co,3.44
Lost,2021,P24,1.67,0.28,0.55,Zn+Co,2.5
Lost,2021,P25,2.14,1.39,0.84,Zn+Co,4.37
Lost,2021,P26,1.96,0.34,0.65,Fe,2.95
Lost,2021,P27,2.69,0.34,1.13,Fe,4.16
Lost,2021,P28,2.4,1.29,1.04,Fe,4.73
Lost,2021,P29,1.81,0.57,0.7,Fe,3.08
Lost,2021,P30,1.5,0.57,0.71,Fe,2.78
Lost,2021,P31,1.61,1.33,0.77,P+Fe,3.71
Lost,2021,P32,1.96,1,0.75,P+Fe,3.71
Lost,2021,P33,1.98,0.45,0.72,P+Fe,3.15
Lost,2021,P34,1.26,1.34,0.69,P+Fe,3.29
Lost,2021,P35,2.71,0.83,1.07,P+Fe,4.61
Lost,2021,P36,1.86,0.28,0.9,N+P+Fe,3.04
Lost,2021,P37,1.57,2.4,1.42,N+P+Fe,5.39
Lost,2021,P38,1.78,0,0.85,N+P+Fe,2.63
Lost,2021,P39,2.39,0,1.08,N+P+Fe,3.47
Lost,2021,P40,1.94,1.23,1.3,N+P+Fe,4.47
Lost,2021,P41,1.53,2.29,1.29,N+Fe+Zn,5.11
Lost,2021,P42,1.98,0.04,0.99,N+Fe+Zn,3.01
Lost,2021,P43,2.06,2.08,1.88,N+Fe+Zn,6.02
Lost,2021,P44,0.75,2.79,1.08,N+Fe+Zn,4.62
Lost,2021,P45,2.72,1.86,1.71,N+Fe+Zn,6.29
Lost,2021,P46,1.49,0.27,0.53,P+Fe+Mo,2.29
Lost,2021,P47,1.84,2.42,1.04,P+Fe+Mo,5.3
Lost,2021,P48,2.25,0.49,0.83,P+Fe+Mo,3.57
Lost,2021,P49,1.5,1.9,0.73,P+Fe+Mo,4.13
Lost,2021,P50,1.93,0,0.74,P+Fe+Mo,2.67
Lost,2021,P51,2.03,0.88,0.79,P+Fe+Ni,3.7
Lost,2021,P52,1.64,0.28,0.54,P+Fe+Ni,2.46
Lost,2021,P53,2.13,1.41,0.8,P+Fe+Ni,4.34
Lost,2021,P54,1.99,0.4,0.55,P+Fe+Ni,2.94
Lost,2021,P55,2.31,1.37,0.91,P+Fe+Ni,4.59
McQueen,2021,MM01,0.48,0,0.16,Control,0.64
McQueen,2021,MM02,0.82,0,0.28,Control,1.1
McQueen,2021,MM03,0.58,0,0.21,Control,0.79
McQueen,2021,MM04,1.62,0,0.62,Control,2.24
McQueen,2021,MM05,0.96,0,0.42,Control,1.38
McQueen,2021,MM06,1.11,0,0.42,N,1.53
McQueen,2021,MM07,0.8,0,0.24,N,1.04
McQueen,2021,MM08,1.34,0,0.45,N,1.79
McQueen,2021,MM09,0.85,0,0.3,N,1.15
McQueen,2021,MM10,0.38,0,0.12,N,0.5
McQueen,2021,MM11,1.13,0,0.3,P,1.43
McQueen,2021,MM12,0.59,0.02,0.15,P,0.76
McQueen,2021,MM13,1.08,0,0.39,P,1.47
McQueen,2021,MM14,1.97,0,0.56,P,2.53
McQueen,2021,MM15,1.26,0,0.42,P,1.68
McQueen,2021,MM16,1.63,0,0.55,N+P,2.18
McQueen,2021,MM17,0.96,0,0.27,N+P,1.23
McQueen,2021,MM18,1.76,0,0.56,N+P,2.32
McQueen,2021,MM19,1.17,0,0.4,N+P,1.57
McQueen,2021,MM20,0.65,0,0.19,N+P,0.84
McQueen,2021,MM21,1.46,0,0.51,Zn+Co,1.97
McQueen,2021,MM22,0.95,0,0.21,Zn+Co,1.16
McQueen,2021,MM23,0.41,0,0.14,Zn+Co,0.55
McQueen,2021,MM24,0.94,0,0.36,Zn+Co,1.3
McQueen,2021,MM25,1.05,0,0.47,Zn+Co,1.52
McQueen,2021,MM26,1.38,0,0.47,Fe,1.85
McQueen,2021,MM27,0.85,0,0.24,Fe,1.09
McQueen,2021,MM28,0.97,0,0.24,Fe,1.21
McQueen,2021,MM29,1.02,0,0.44,Fe,1.46
McQueen,2021,MM30,1.05,0,0.36,Fe,1.41
McQueen,2021,MM31,0.93,0,0.19,P+Fe,1.12
McQueen,2021,MM32,1.53,0,0.62,P+Fe,2.15
McQueen,2021,MM33,1.83,0,0.56,P+Fe,2.39
McQueen,2021,MM34,0.46,0,0.14,P+Fe,0.6
McQueen,2021,MM35,1.06,0,0.37,P+Fe,1.43
McQueen,2021,MM36,0.4,0,0.18,N+P+Fe,0.58
McQueen,2021,MM37,1.05,0,0.39,N+P+Fe,1.44
McQueen,2021,MM38,0.34,0,0.09,N+P+Fe,0.43
McQueen,2021,MM39,0.88,0.04,0.32,N+P+Fe,1.24
McQueen,2021,MM40,1.57,0,0.53,N+P+Fe,2.1
McQueen,2021,MM41,1.34,0,0.46,N+Fe+Zn,1.8
McQueen,2021,MM42,1.05,0.05,0.43,N+Fe+Zn,1.53
McQueen,2021,MM43,0.57,0,0.34,N+Fe+Zn,0.91
McQueen,2021,MM44,1.66,0,0.66,N+Fe+Zn,2.32
McQueen,2021,MM45,0.44,0,0.18,N+Fe+Zn,0.62
McQueen,2021,MM46,2.11,0,0.62,P+Fe+Mo,2.73
McQueen,2021,MM47,0.99,0,0.48,P+Fe+Mo,1.47
McQueen,2021,MM48,1.2,0,0.48,P+Fe+Mo,1.68
McQueen,2021,MM49,0.41,0,0.16,P+Fe+Mo,0.57
McQueen,2021,MM50,0.29,0,0.17,P+Fe+Mo,0.46
McQueen,2021,MM51,1.19,0,0.43,P+Fe+Ni,1.62
McQueen,2021,MM52,1.79,0,0.58,P+Fe+Ni,2.37
McQueen,2021,MM53,1.16,0,0.52,P+Fe+Ni,1.68
McQueen,2021,MM54,1.23,0,0.48,P+Fe+Ni,1.71
McQueen,2021,MM55,0.39,0,0.16,P+Fe+Ni,0.55
Mountain,2021,O01,0.87,1.26,0.68,Control,2.81
Mountain,2021,O02,0.79,0.84,0.63,Control,2.26
Mountain,2021,O03,0.73,0.21,0.58,Control,1.52
Mountain,2021,O04,0.7,0.83,0.66,Control,2.19
Mountain,2021,O05,0.79,0.02,0.46,Control,1.27
Mountain,2021,O06,1.06,0.8,0.81,N,2.67
Mountain,2021,O07,1.48,0.42,0.99,N,2.89
Mountain,2021,O08,0.69,0.77,0.75,N,2.21
Mountain,2021,O09,1.07,0.71,0.77,N,2.55
Mountain,2021,O10,1.48,0.57,0.98,N,3.03
Mountain,2021,O11,0.79,0.65,0.59,P,2.03
Mountain,2021,O12,1.41,0,1.4,P,2.81
Mountain,2021,O13,1.66,0.57,0.72,P,2.95
Mountain,2021,O14,1,0.84,0.83,P,2.67
Mountain,2021,O15,1.04,0.4,0.67,P,2.11
Mountain,2021,O16,1.42,1.15,0.86,N+P,3.43
Mountain,2021,O17,2.11,3.15,1.48,N+P,6.74
Mountain,2021,O18,0.52,0,0.76,N+P,1.28
Mountain,2021,O19,1.41,0.79,1.17,N+P,3.37
Mountain,2021,O20,1.4,0.05,0.96,N+P,2.41
Mountain,2021,O21,1.04,2.04,0.9,Zn+Co,3.98
Mountain,2021,O22,1.14,2.27,1.12,Zn+Co,4.53
Mountain,2021,O23,1.41,2.38,1.07,Zn+Co,4.86
Mountain,2021,O24,0.8,1.33,0.82,Zn+Co,2.95
Mountain,2021,O25,1,0.02,0.71,Zn+Co,1.73
Mountain,2021,O27,0.62,0,0.71,Fe,1.33
Mountain,2021,O28,NA,NA,NA,Fe,NA
Mountain,2021,O29,1.12,2.5,0.84,Fe,4.46
Mountain,2021,O30,1.24,2.14,0.97,Fe,4.35
Mountain,2021,O31,1.49,1.12,1.02,P+Fe,3.63
Mountain,2021,O32,0.69,0.48,0.76,P+Fe,1.93
Mountain,2021,O33,0.98,1.18,0.85,P+Fe,3.01
Mountain,2021,O34,1.05,0.39,0.59,P+Fe,2.03
Mountain,2021,O35,0.9,0,0.67,P+Fe,1.57
Mountain,2021,O36,1.34,2.26,1.06,N+P+Fe,4.66
Mountain,2021,O37,1.34,0,0.72,N+P+Fe,2.06
Mountain,2021,O38,1.15,0.18,0.71,N+P+Fe,2.04
Mountain,2021,O39,1.03,0,1.06,N+P+Fe,2.09
Mountain,2021,O40,1.35,0,0.94,N+P+Fe,2.29
Mountain,2021,O42,1.03,0,0.59,N+Fe+Zn,1.62
Mountain,2021,O43,1.55,0,1.23,N+Fe+Zn,2.78
Mountain,2021,O44,2.21,0.15,1.73,N+Fe+Zn,4.09
Mountain,2021,O45,1.38,0.09,0.93,N+Fe+Zn,2.4
Mountain,2021,O46,0.47,0.15,0.43,P+Fe+Mo,1.05
Mountain,2021,O48,1.46,3.55,1.17,P+Fe+Mo,6.18
Mountain,2021,O49,1.79,0,1.17,P+Fe+Mo,2.96
Mountain,2021,O50,0.56,0.19,0.54,P+Fe+Mo,1.29
Mountain,2021,O51,0.72,0.32,0.46,P+Fe+Ni,1.5
Mountain,2021,O52,0.77,0,0.69,P+Fe+Ni,1.46
Mountain,2021,O53,0.63,0,0.8,P+Fe+Ni,1.43
Mountain,2021,O54,1.51,2.01,1.04,P+Fe+Ni,4.56
Mountain,2021,O55,1.07,0,0.73,P+Fe+Ni,1.8
Pilgrim,2021,BB01,2.27,0,0.42,Control,2.69
Pilgrim,2021,BB02,1.9,0,0.36,Control,2.26
Pilgrim,2021,BB03,0.81,0.07,0.22,Control,1.1
Pilgrim,2021,BB04,0.63,0.1,0.23,Control,0.96
Pilgrim,2021,BB05,1.28,0.11,0.27,Control,1.66
Pilgrim,2021,BB06,0.82,0.27,0.64,N,1.73
Pilgrim,2021,BB07,0.71,0.72,0.7,N,2.13
Pilgrim,2021,BB08,2.16,0.44,0.55,N,3.15
Pilgrim,2021,BB09,1.05,0.05,0.51,N,1.61
Pilgrim,2021,BB10,2.07,0,0.83,N,2.9
Pilgrim,2021,BB11,1.2,0.15,0.26,P,1.61
Pilgrim,2021,BB12,1.46,0,0.26,P,1.72
Pilgrim,2021,BB13,0.95,0,0.22,P,1.17
Pilgrim,2021,BB14,2.08,0,0.41,P,2.49
Pilgrim,2021,BB15,1.74,0.06,0.4,P,2.2
Pilgrim,2021,BB16,1.09,1.16,0.7,N+P,2.95
Pilgrim,2021,BB17,1.23,0.5,1.11,N+P,2.84
Pilgrim,2021,BB18,2.15,0.05,1.11,N+P,3.31
Pilgrim,2021,BB19,1.7,0.19,0.92,N+P,2.81
Pilgrim,2021,BB20,2.03,0.6,1.77,N+P,4.4
Pilgrim,2021,BB21,1.53,0,0.39,Zn+Co,1.92
Pilgrim,2021,BB22,1.63,0.19,0.46,Zn+Co,2.28
Pilgrim,2021,BB23,0.85,0.14,0.31,Zn+Co,1.3
Pilgrim,2021,BB24,1.92,0.15,0.38,Zn+Co,2.45
Pilgrim,2021,BB25,0.6,0.02,0.17,Zn+Co,0.79
Pilgrim,2021,BB26,1.52,0.17,0.51,Fe,2.2
Pilgrim,2021,BB27,1.58,0,0.44,Fe,2.02
Pilgrim,2021,BB28,1.32,0.1,0.49,Fe,1.91
Pilgrim,2021,BB29,1.08,0,0.42,Fe,1.5
Pilgrim,2021,BB30,1.53,0,0.5,Fe,2.03
Pilgrim,2021,BB31,1.89,0,0.78,P+Fe,2.67
Pilgrim,2021,BB32,1.51,0.02,0.41,P+Fe,1.94
Pilgrim,2021,BB33,1.6,0,0.48,P+Fe,2.08
Pilgrim,2021,BB34,0.86,0.06,0.27,P+Fe,1.19
Pilgrim,2021,BB35,1.02,0.1,0.34,P+Fe,1.46
Pilgrim,2021,BB36,1.72,0.86,1.12,N+P+Fe,3.7
Pilgrim,2021,BB37,1.63,0.52,1.02,N+P+Fe,3.17
Pilgrim,2021,BB38,0.96,0.56,0.86,N+P+Fe,2.38
Pilgrim,2021,BB39,1.11,0.31,0.72,N+P+Fe,2.14
Pilgrim,2021,BB40,1.57,0.47,1.31,N+P+Fe,3.35
Pilgrim,2021,BB41,1.61,0.51,1.03,N+Fe+Zn,3.15
Pilgrim,2021,BB42,1.11,0.24,1,N+Fe+Zn,2.35
Pilgrim,2021,BB43,1.19,0.92,0.91,N+Fe+Zn,3.02
Pilgrim,2021,BB44,1.18,0.5,0.98,N+Fe+Zn,2.66
Pilgrim,2021,BB45,1.59,0,0.83,N+Fe+Zn,2.42
Pilgrim,2021,BB46,1.21,0,0.29,P+Fe+Mo,1.5
Pilgrim,2021,BB47,1.22,0.23,0.38,P+Fe+Mo,1.83
Pilgrim,2021,BB48,0.52,0.16,0.15,P+Fe+Mo,0.83
Pilgrim,2021,BB49,0.85,0.25,0.35,P+Fe+Mo,1.45
Pilgrim,2021,BB50,1.38,0,0.48,P+Fe+Mo,1.86
Pilgrim,2021,BB51,1.81,0.06,0.57,P+Fe+Ni,2.44
Pilgrim,2021,BB52,1.24,0.31,0.72,P+Fe+Ni,2.27
Pilgrim,2021,BB53,0.84,0.21,0.39,P+Fe+Ni,1.44
Pilgrim,2021,BB54,0.64,0.06,0.21,P+Fe+Ni,0.91
Pilgrim,2021,BB55,1.27,0,0.56,P+Fe+Ni,1.83
Pine,2021,N01,0.44,0,0.32,Control,0.76
Pine,2021,N02,0.47,0,0.39,Control,0.86
Pine,2021,N03,0.44,0,0.36,Control,0.8
Pine,2021,N04,0.43,0,0.3,Control,0.73
Pine,2021,N05,0.41,0,0.3,Control,0.71
Pine,2021,N06,0.66,0,0.6,N,1.26
Pine,2021,N07,0.77,0,0.71,N,1.48
Pine,2021,N08,0.4,0,0.36,N,0.76
Pine,2021,N09,0.48,0,0.39,N,0.87
Pine,2021,N10,0.63,0,0.63,N,1.26
Pine,2021,N11,0.49,0,0.33,P,0.82
Pine,2021,N12,0.46,0,0.34,P,0.8
Pine,2021,N13,0.46,0,0.3,P,0.76
Pine,2021,N14,0.24,0,0.21,P,0.45
Pine,2021,N15,0.41,0,0.34,P,0.75
Pine,2021,N16,0.43,0,0.34,N+P,0.77
Pine,2021,N17,0.495,0,0.405,N+P,0.9
Pine,2021,N47,0.495,0,0.405,P+Fe+Mo,0.9
Pine,2021,N18,0.5,0,0.36,N+P,0.86
Pine,2021,N19,0.63,0,0.56,N+P,1.19
Pine,2021,N20,0.76,0,0.7,N+P,1.46
Pine,2021,N21,0.44,0,0.34,Zn+Co,0.78
Pine,2021,N22,0.39,0,0.29,Zn+Co,0.68
Pine,2021,N23,0.33,0,0.2,Zn+Co,0.53
Pine,2021,N24,0.57,0,0.27,Zn+Co,0.84
Pine,2021,N25,0.35,0,0.26,Zn+Co,0.61
Pine,2021,N26,0.45,0,0.35,Fe,0.8
Pine,2021,N27,0.47,0,0.36,Fe,0.83
Pine,2021,N28,0.35,0,0.32,Fe,0.67
Pine,2021,N29,0.43,0,0.33,Fe,0.76
Pine,2021,N30,0.44,0,0.32,Fe,0.76
Pine,2021,N31,0.43,0,0.35,P+Fe,0.78
Pine,2021,N32,0.46,0,0.3,P+Fe,0.76
Pine,2021,N33,0.66,0,0.43,P+Fe,1.09
Pine,2021,N34,0.47,0,0.31,P+Fe,0.78
Pine,2021,N35,0.44,0,0.3,P+Fe,0.74
Pine,2021,N36,0.44,0,0.47,N+P+Fe,0.91
Pine,2021,N37,0.63,0,0.61,N+P+Fe,1.24
Pine,2021,N38,0.47,0,0.3,N+P+Fe,0.77
Pine,2021,N39,0.54,0,0.42,N+P+Fe,0.96
Pine,2021,N40,0.51,0,0.46,N+P+Fe,0.97
Pine,2021,N41,0.45,0,0.39,N+Fe+Zn,0.84
Pine,2021,N42,0.44,0,0.32,N+Fe+Zn,0.76
Pine,2021,N43,0.41,0,0.39,N+Fe+Zn,0.8
Pine,2021,N44,0.57,0,0.43,N+Fe+Zn,1
Pine,2021,N45,0.29,0,0.23,N+Fe+Zn,0.52
Pine,2021,N46,0.54,0,0.35,P+Fe+Mo,0.89
Pine,2021,N48,0.46,0,0.35,P+Fe+Mo,0.81
Pine,2021,N49,0.56,0,0.4,P+Fe+Mo,0.96
Pine,2021,N50,0.46,0,0.31,P+Fe+Mo,0.77
Pine,2021,N51,0.44,0,0.25,P+Fe+Ni,0.69
Pine,2021,N52,0.5,0,0.35,P+Fe+Ni,0.85
Pine,2021,N53,0.44,0,0.21,P+Fe+Ni,0.65
Pine,2021,N54,0.33,0,0.16,P+Fe+Ni,0.49
Pine,2021,N55,0.47,0,0.33,P+Fe+Ni,0.8
Salmon Trout,2021,U01,1.76,0,0.52,Control,2.28
Salmon Trout,2021,U02,1.84,0,0.65,Control,2.49
Salmon Trout,2021,U03,1.93,0,0.51,Control,2.44
Salmon Trout,2021,U04,1.69,0,0.46,Control,2.15
Salmon Trout,2021,U05,1.81,0,0.52,Control,2.33
Salmon Trout,2021,U06,2.12,0,0.61,N,2.73
Salmon Trout,2021,U07,2.17,0,0.7,N,2.87
Salmon Trout,2021,U08,1.77,0,0.49,N,2.26
Salmon Trout,2021,U09,1.59,0,0.58,N,2.17
Salmon Trout,2021,U10,1.94,0,0.64,N,2.58
Salmon Trout,2021,U11,1.69,0,0.49,P,2.18
Salmon Trout,2021,U12,1.81,0,0.59,P,2.4
Salmon Trout,2021,U13,2,0,0.57,P,2.57
Salmon Trout,2021,U14,1.78,0,0.32,P,2.1
Salmon Trout,2021,U15,1.89,0,0.58,P,2.47
Salmon Trout,2021,U16,1.56,0,0.67,N+P,2.23
Salmon Trout,2021,U17,1.6,0,0.66,N+P,2.26
Salmon Trout,2021,U18,1.83,0,0.44,N+P,2.27
Salmon Trout,2021,U19,1.85,0,0.72,N+P,2.57
Salmon Trout,2021,U20,1.51,0,0.56,N+P,2.07
Salmon Trout,2021,U21,1.94,0,0.54,Zn+Co,2.48
Salmon Trout,2021,U22,2.14,0,0.6,Zn+Co,2.74
Salmon Trout,2021,U23,1.58,0,0.59,Zn+Co,2.17
Salmon Trout,2021,U24,1.79,0.11,0.37,Zn+Co,2.27
Salmon Trout,2021,U25,1.87,0,0.5,Zn+Co,2.37
Salmon Trout,2021,U26,1.91,0,0.56,Fe,2.47
Salmon Trout,2021,U27,2.07,0,0.56,Fe,2.63
Salmon Trout,2021,U28,2.02,0,0.65,Fe,2.67
Salmon Trout,2021,U29,2.02,0,0.5,Fe,2.52
Salmon Trout,2021,U30,1.65,0,0.44,Fe,2.09
Salmon Trout,2021,U31,1.85,0,0.6,P+Fe,2.45
Salmon Trout,2021,U32,2.31,0,0.54,P+Fe,2.85
Salmon Trout,2021,U33,1.67,0,0.56,P+Fe,2.23
Salmon Trout,2021,U34,2.07,0,0.62,P+Fe,2.69
Salmon Trout,2021,U35,1.62,0,0.39,P+Fe,2.01
Salmon Trout,2021,U36,1.75,0,0.55,N+P+Fe,2.3
Salmon Trout,2021,U37,1.35,0,0.42,N+P+Fe,1.77
Salmon Trout,2021,U38,1.91,0,0.54,N+P+Fe,2.45
Salmon Trout,2021,U39,1.7,0,0.51,N+P+Fe,2.21
Salmon Trout,2021,U40,1.66,0,0.38,N+P+Fe,2.04
Salmon Trout,2021,U41,1.8,0,0.46,N+Fe+Zn,2.26
Salmon Trout,2021,U42,1.42,0,0.55,N+Fe+Zn,1.97
Salmon Trout,2021,U43,1.83,0,0.45,N+Fe+Zn,2.28
Salmon Trout,2021,U44,1.46,0,0.56,N+Fe+Zn,2.02
Salmon Trout,2021,U45,1.69,0,0.45,N+Fe+Zn,2.14
Salmon Trout,2021,U46,2.04,0,0.66,P+Fe+Mo,2.7
Salmon Trout,2021,U47,1.9,0,0.57,P+Fe+Mo,2.47
Salmon Trout,2021,U48,1.64,0,0.52,P+Fe+Mo,2.16
Salmon Trout,2021,U49,2.05,0,0.65,P+Fe+Mo,2.7
Salmon Trout,2021,U50,1.58,0,0.57,P+Fe+Mo,2.15
Salmon Trout,2021,U51,1.78,0,0.5,P+Fe+Ni,2.28
Salmon Trout,2021,U52,1.68,0,0.47,P+Fe+Ni,2.15
Salmon Trout,2021,U54,1.81,0,0.62,P+Fe+Ni,2.43
Salmon Trout,2021,U55,1.93,0.05,0.52,P+Fe+Ni,2.5
Shady,2021,FF01,0.85,0,0.16,Control,1.01
Shady,2021,FF02,1.03,0,0.16,Control,1.19
Shady,2021,FF03,0.89,0,0.16,Control,1.05
Shady,2021,FF04,1.08,0,0.12,Control,1.2
Shady,2021,FF05,0.61,0,0.11,Control,0.72
Shady,2021,FF06,0.68,0,0.12,Control,0.8
Shady,2021,FF07,0.71,0,0.09,Control,0.8
Shady,2021,FF08,0.51,0,0.06,Control,0.57
Shady,2021,FF09,1.49,0,0.27,N,1.76
Shady,2021,FF10,0.4,0.12,0.1,N,0.62
Shady,2021,FF11,2.94,0,0.47,N,3.41
Shady,2021,FF12,2.46,0,0.37,N,2.83
Shady,2021,FF13,1.7,0,0.45,N,2.15
Shady,2021,FF14,1.09,0,0.21,N,1.3
Shady,2021,FF15,1.77,0.02,0.3,N,2.09
Shady,2021,FF16,2.2,0.18,0.52,N,2.9
Shady,2021,FF17,0.87,0,0.07,P,0.94
Shady,2021,FF18,0.55,0,0.07,P,0.62
Shady,2021,FF19,0.84,0.02,0.14,P,1
Shady,2021,FF20,0.67,0.25,0.08,P,1
Shady,2021,FF21,0.7,0,0.12,P,0.82
Shady,2021,FF22,0.62,0,0.13,P,0.75
Shady,2021,FF23,0.69,0,0.12,P,0.81
Shady,2021,FF24,0.77,0,0.11,P,0.88
Shady,2021,FF25,1.23,0,0.28,N+P,1.51
Shady,2021,FF26,2.26,0,0.42,N+P,2.68
Shady,2021,FF27,1.94,0,0.37,N+P,2.31
Shady,2021,FF28,3.33,0,0.85,N+P,4.18
Shady,2021,FF29,1.32,0,0.28,N+P,1.6
Shady,2021,FF31,2.68,0,0.57,N+P,3.25
Shady,2021,FF32,1.18,0,0.39,N+P,1.57
Shady,2021,FF33,1.04,0,0.13,Zn+Co,1.17
Shady,2021,FF34,0.68,0,0.09,Zn+Co,0.77
Shady,2021,FF35,0.84,0,0.07,Zn+Co,0.91
Shady,2021,FF36,0.74,0,0.12,Zn+Co,0.86
Shady,2021,FF37,1.02,0,0.12,Zn+Co,1.14
Shady,2021,FF38,0.64,0,0.09,Zn+Co,0.73
Shady,2021,FF39,0.55,0,0.07,Zn+Co,0.62
Shady,2021,FF40,0.59,0,0.08,Zn+Co,0.67
Shady,2021,FF41,0.63,0,0.08,Fe,0.71
Shady,2021,FF42,1.04,0,0.12,Fe,1.16
Shady,2021,FF43,0.71,0,0.14,Fe,0.85
Shady,2021,FF44,0.83,0,0.22,Fe,1.05
Shady,2021,FF45,0.78,0,0.1,Fe,0.88
Shady,2021,FF46,0.93,0.03,0.11,Fe,1.07
Shady,2021,FF47,0.68,0.06,0.06,Fe,0.8
Shady,2021,FF48,0.67,0.01,0.08,Fe,0.76
Shady,2021,FF49,0.69,0,0.11,P+Fe,0.8
Shady,2021,FF50,0.35,0.14,0.05,P+Fe,0.54
Shady,2021,FF51,0.84,0,0.11,P+Fe,0.95
Shady,2021,FF52,1.14,0,0.07,P+Fe,1.21
Shady,2021,FF53,0.86,0,0.1,P+Fe,0.96
Shady,2021,FF54,0.68,0,0.08,P+Fe,0.76
Shady,2021,FF55,0.83,0,0.13,P+Fe,0.96
Shady,2021,FF56,0.67,0,0.08,P+Fe,0.75
Shady,2021,FF57,1.76,0,0.42,N+P+Fe,2.18
Shady,2021,FF59,1.45,0,0.27,N+P+Fe,1.72
Shady,2021,FF60,2.55,0,0.36,N+P+Fe,2.91
Shady,2021,FF61,2.13,0,0.49,N+P+Fe,2.62
Shady,2021,FF62,2,0,0.47,N+P+Fe,2.47
Shady,2021,FF63,0.8,0.01,0.19,N+P+Fe,1
Shady,2021,FF64,1.3,0,0.25,N+P+Fe,1.55
Shady,2021,FF65,0.64,0,0.2,N+Fe+Zn,0.84
Shady,2021,FF66,1.28,0,0.38,N+Fe+Zn,1.66
Shady,2021,FF67,1.81,0,0.49,N+Fe+Zn,2.3
Shady,2021,FF68,2.82,0,0.34,N+Fe+Zn,3.16
Shady,2021,FF69,3.66,0,0.93,N+Fe+Zn,4.59
Shady,2021,FF70,2.36,0,0.29,N+Fe+Zn,2.65
Shady,2021,FF71,0.89,0,0.21,N+Fe+Zn,1.1
Shady,2021,FF72,1.88,0,0.27,N+Fe+Zn,2.15
Shady,2021,FF73,0.92,0.19,0.1,P+Fe+Mo,1.21
Shady,2021,FF74,1.1,0.01,0.09,P+Fe+Mo,1.2
Shady,2021,FF75,1.75,0,0.15,P+Fe+Mo,1.9
Shady,2021,FF76,0.88,0,0.09,P+Fe+Mo,0.97
Shady,2021,FF77,0.82,0.02,0.1,P+Fe+Mo,0.94
Shady,2021,FF78,0.82,0,0.08,P+Fe+Mo,0.9
Shady,2021,FF79,0.62,0,0.07,P+Fe+Mo,0.69
Shady,2021,FF80,0.92,0,0.16,P+Fe+Mo,1.08
Shady,2021,FF81,0.71,0,0.13,P+Fe+Ni,0.84
Shady,2021,FF82,0.84,0,0.07,P+Fe+Ni,0.91
Shady,2021,FF83,0.68,0,0.12,P+Fe+Ni,0.8
Shady,2021,FF84,1.2,0,0.07,P+Fe+Ni,1.27
Shady,2021,FF85,0.35,0,0.05,P+Fe+Ni,0.4
Shady,2021,FF86,0.67,0,0.07,P+Fe+Ni,0.74
Shady,2021,FF87,0.79,0,0.13,P+Fe+Ni,0.92
Shady,2021,FF88,0.56,0,0.14,P+Fe+Ni,0.7
TC5,2021,NN01,1.38,0,0.27,Control,1.65
TC5,2021,NN02,1.28,0.16,0.28,Control,1.72
TC5,2021,NN03,0.47,0,0.13,Control,0.6
TC5,2021,NN04,1.07,0.02,0.27,Control,1.36
TC5,2021,NN05,0.71,0.08,0.14,Control,0.93
TC5,2021,NN06,1.81,0,0.48,N,2.29
TC5,2021,NN07,1.23,0.33,0.26,N,1.82
TC5,2021,NN08,2.07,0,0.57,N,2.64
TC5,2021,NN09,1.67,0.18,0.35,N,2.2
TC5,2021,NN10,0.82,0.32,0.18,N,1.32
TC5,2021,NN11,0.89,0.17,0.18,P,1.24
TC5,2021,NN12,0.78,0.07,0.16,P,1.01
TC5,2021,NN13,0.9,0.1,0.21,P,1.21
TC5,2021,NN14,0.39,0.04,0.09,P,0.52
TC5,2021,NN15,0.93,0,0.25,P,1.18
TC5,2021,NN16,1.34,0,0.31,N+P,1.65
TC5,2021,NN17,1.84,0,0.51,N+P,2.35
TC5,2021,NN18,0.78,0,0.23,N+P,1.01
TC5,2021,NN19,1,0.04,0.25,N+P,1.29
TC5,2021,NN20,0.97,0.22,0.25,N+P,1.44
TC5,2021,NN21,1.28,0.19,0.24,Zn+Co,1.71
TC5,2021,NN22,0.67,0.02,0.17,Zn+Co,0.86
TC5,2021,NN23,1,0,0.18,Zn+Co,1.18
TC5,2021,NN24,2.1,0,0.34,Zn+Co,2.44
TC5,2021,NN25,0.8,0.08,0.15,Zn+Co,1.03
TC5,2021,NN26,0.54,0.04,0.13,Fe,0.71
TC5,2021,NN27,0.6,0.03,0.19,Fe,0.82
TC5,2021,NN28,0.9,0,0.18,Fe,1.08
TC5,2021,NN29,0.71,0.34,0.12,Fe,1.17
TC5,2021,NN30,0.64,0.01,0.18,Fe,0.83
TC5,2021,NN31,1,0.12,0.2,P+Fe,1.32
TC5,2021,NN32,0.39,0,0.11,P+Fe,0.5
TC5,2021,NN33,0.38,0.07,0.06,P+Fe,0.51
TC5,2021,NN34,0.99,0,0.29,P+Fe,1.28
TC5,2021,NN35,0.61,0,0.16,P+Fe,0.77
TC5,2021,NN36,1.47,0,0.4,N+P+Fe,1.87
TC5,2021,NN37,1.04,0,0.27,N+P+Fe,1.31
TC5,2021,NN38,1.1,0.05,0.32,N+P+Fe,1.47
TC5,2021,NN39,1.28,0,0.4,N+P+Fe,1.68
TC5,2021,NN40,0.62,0,0.2,N+P+Fe,0.82
TC5,2021,NN41,1.21,0,0.34,N+Fe+Zn,1.55
TC5,2021,NN42,0.9,0,0.25,N+Fe+Zn,1.15
TC5,2021,NN43,0.53,0,0.14,N+Fe+Zn,0.67
TC5,2021,NN44,1.19,0.09,0.34,N+Fe+Zn,1.62
TC5,2021,NN45,0.97,0.06,0.25,N+Fe+Zn,1.28
TC5,2021,NN46,0.76,0,0.25,P+Fe+Mo,1.01
TC5,2021,NN47,1.05,0,0.31,P+Fe+Mo,1.36
TC5,2021,NN48,0.77,0.06,0.21,P+Fe+Mo,1.04
TC5,2021,NN49,1.26,0.27,0.36,P+Fe+Mo,1.89
TC5,2021,NN50,0.89,0,0.21,P+Fe+Mo,1.1
TC5,2021,NN51,1.16,0.08,0.23,P+Fe+Ni,1.47
TC5,2021,NN52,1,0,0.24,P+Fe+Ni,1.24
TC5,2021,NN53,1.02,0,0.3,P+Fe+Ni,1.32
TC5,2021,NN54,1.78,0,0.48,P+Fe+Ni,2.26
TC5,2021,NN55,1.07,0.05,0.25,P+Fe+Ni,1.37
Tenderfoot,2021,CC01,0.73,1.88,0.34,Control,2.95
Tenderfoot,2021,CC02,0.07,3.42,0.4,Control,3.89
Tenderfoot,2021,CC03,0.57,1.91,0.27,Control,2.75
Tenderfoot,2021,CC04,1.2,4.67,0.56,Control,6.43
Tenderfoot,2021,CC05,1.14,4.29,0.72,Control,6.15
Tenderfoot,2021,CC06,0.7,3.81,0.64,N,5.15
Tenderfoot,2021,CC07,0.22,0.06,0.23,N,0.51
Tenderfoot,2021,CC08,1.08,4.34,0.84,N,6.26
Tenderfoot,2021,CC09,0.27,1.18,0.27,N,1.72
Tenderfoot,2021,CC10,0.41,2.9,0.29,N,3.6
Tenderfoot,2021,CC12,0.48,1.4,0.31,P,2.19
Tenderfoot,2021,CC13,1.07,4.36,0.67,P,6.1
Tenderfoot,2021,CC14,1.27,5.4,0.56,P,7.23
Tenderfoot,2021,CC15,1.05,3.05,0.61,P,4.71
Tenderfoot,2021,CC16,0.82,1.62,0.53,N+P,2.97
Tenderfoot,2021,CC17,0.34,0.98,0.4,N+P,1.72
Tenderfoot,2021,CC18,0.63,1.13,0.6,N+P,2.36
Tenderfoot,2021,CC19,0.71,2.61,0.52,N+P,3.84
Tenderfoot,2021,CC20,1.81,4.69,1.21,N+P,7.71
Tenderfoot,2021,CC21,1,4.79,0.57,Zn+Co,6.36
Tenderfoot,2021,CC22,1.14,4.43,0.82,Zn+Co,6.39
Tenderfoot,2021,CC23,1.31,5.31,0.95,Zn+Co,7.57
Tenderfoot,2021,CC24,0.77,5.13,0.54,Zn+Co,6.44
Tenderfoot,2021,CC25,0.91,2.75,0.55,Zn+Co,4.21
Tenderfoot,2021,CC26,1.03,3.77,0.74,Fe,5.54
Tenderfoot,2021,CC27,0.73,5.67,0.56,Fe,6.96
Tenderfoot,2021,CC28,0.95,4.63,0.43,Fe,6.01
Tenderfoot,2021,CC29,1.33,3.38,0.77,Fe,5.48
Tenderfoot,2021,CC30,1.01,5.94,0.57,Fe,7.52
Tenderfoot,2021,CC31,1.96,3.37,1.01,P+Fe,6.34
Tenderfoot,2021,CC32,0.75,0.25,0.52,P+Fe,1.52
Tenderfoot,2021,CC33,1.17,5.23,0.77,P+Fe,7.17
Tenderfoot,2021,CC34,0.95,4.66,0.65,P+Fe,6.26
Tenderfoot,2021,CC35,1.55,6.48,0.74,P+Fe,8.77
Tenderfoot,2021,CC36,0.56,0.62,0.46,N+P+Fe,1.64
Tenderfoot,2021,CC37,1.01,2.51,1.28,N+P+Fe,4.8
Tenderfoot,2021,CC38,0.86,1.7,0.97,N+P+Fe,3.53
Tenderfoot,2021,CC39,1.14,5.35,0.83,N+P+Fe,7.32
Tenderfoot,2021,CC40,0.4,1.04,0.35,N+P+Fe,1.79
Tenderfoot,2021,CC41,0.4,2.79,0.36,N+Fe+Zn,3.55
Tenderfoot,2021,CC42,0.71,4.19,0.77,N+Fe+Zn,5.67
Tenderfoot,2021,CC43,0.85,7.53,0.08,N+Fe+Zn,8.46
Tenderfoot,2021,CC44,0.91,3.68,0.85,N+Fe+Zn,5.44
Tenderfoot,2021,CC45,0.58,3.2,0.77,N+Fe+Zn,4.55
Tenderfoot,2021,CC46,1.44,3.58,0.85,P+Fe+Mo,5.87
Tenderfoot,2021,CC47,1.01,2.92,0.39,P+Fe+Mo,4.32
Tenderfoot,2021,CC48,1.02,4.72,0.65,P+Fe+Mo,6.39
Tenderfoot,2021,CC49,0.78,3.5,0.44,P+Fe+Mo,4.72
Tenderfoot,2021,CC50,0.91,3.04,0.59,P+Fe+Mo,4.54
Tenderfoot,2021,CC51,0.95,2.84,0.63,P+Fe+Ni,4.42
Tenderfoot,2021,CC52,1.37,5.12,0.91,P+Fe+Ni,7.4
Tenderfoot,2021,CC53,0.875,4.46,0.495,P+Fe+Ni,5.83
Tenderfoot,2021,CC11,0.875,4.46,0.495,P,5.83
Tenderfoot,2021,CC54,1,3.13,0.43,P+Fe+Ni,4.56
Tenderfoot,2021,CC55,0.87,3.99,0.65,P+Fe+Ni,5.51
Trap Rock,2021,V01,0.33,0.03,0.18,Control,0.54
Trap Rock,2021,V02,0.27,0.07,0.15,Control,0.49
Trap Rock,2021,V03,0.37,0.07,0.17,Control,0.61
Trap Rock,2021,V04,0.4,0.12,0.19,Control,0.71
Trap Rock,2021,V05,0.6,0.03,0.22,Control,0.85
Trap Rock,2021,V06,0.32,0.11,0.32,N,0.75
Trap Rock,2021,V07,0.69,0.23,0.51,N,1.43
Trap Rock,2021,V08,0.25,0.1,0.31,N,0.66
Trap Rock,2021,V09,0.26,0.35,0.36,N,0.97
Trap Rock,2021,V10,0.33,0.19,0.38,N,0.9
Trap Rock,2021,V11,0.54,0.4,0.34,P,1.28
Trap Rock,2021,V12,0.48,0.14,0.24,P,0.86
Trap Rock,2021,V13,0.56,0,0.3,P,0.86
Trap Rock,2021,V14,0.77,0.4,0.45,P,1.62
Trap Rock,2021,V15,1.43,0.03,0.64,P,2.1
Trap Rock,2021,V16,0.79,0.38,0.99,N+P,2.16
Trap Rock,2021,V17,0.49,0.99,0.69,N+P,2.17
Trap Rock,2021,V18,0.91,0.05,0.92,N+P,1.88
Trap Rock,2021,V19,0.53,0.53,0.59,N+P,1.65
Trap Rock,2021,V20,1.53,0.58,1.29,N+P,3.4
Trap Rock,2021,V21,0.43,0.24,0.26,Zn+Co,0.93
Trap Rock,2021,V22,0.3,0.04,0.18,Zn+Co,0.52
Trap Rock,2021,V23,0.54,0.11,0.28,Zn+Co,0.93
Trap Rock,2021,V24,0.57,0.09,0.28,Zn+Co,0.94
Trap Rock,2021,V25,0.27,0.05,0.16,Zn+Co,0.48
Trap Rock,2021,V26,0.43,0.01,0.3,Fe,0.74
Trap Rock,2021,V27,0.98,0.11,0.51,Fe,1.6
Trap Rock,2021,V28,0.45,0.04,0.26,Fe,0.75
Trap Rock,2021,V29,0.6,0.06,0.35,Fe,1.01
Trap Rock,2021,V30,0.34,0.02,0.24,Fe,0.6
Trap Rock,2021,V31,0.7,0.71,0.5,P+Fe,1.91
Trap Rock,2021,V32,0.46,0.36,0.37,P+Fe,1.19
Trap Rock,2021,V33,0.55,0.21,0.39,P+Fe,1.15
Trap Rock,2021,V34,0.64,0.37,0.39,P+Fe,1.4
Trap Rock,2021,V35,1.84,0.79,0.78,P+Fe,3.41
Trap Rock,2021,V36,1.45,0.81,1.23,N+P+Fe,3.49
Trap Rock,2021,V37,1.13,0.3,1.22,N+P+Fe,2.65
Trap Rock,2021,V38,0.66,0.43,0.86,N+P+Fe,1.95
Trap Rock,2021,V39,1.48,0.12,1.3,N+P+Fe,2.9
Trap Rock,2021,V40,1.86,1.26,1.77,N+P+Fe,4.89
Trap Rock,2021,V41,0.62,0.36,0.7,N+Fe+Zn,1.68
Trap Rock,2021,V42,0.36,0.13,0.43,N+Fe+Zn,0.92
Trap Rock,2021,V43,0.38,0.31,0.52,N+Fe+Zn,1.21
Trap Rock,2021,V44,0.28,0.17,0.34,N+Fe+Zn,0.79
Trap Rock,2021,V45,1.45,1.03,1.13,N+Fe+Zn,3.61
Trap Rock,2021,V46,0.44,0.16,0.29,P+Fe+Mo,0.89
Trap Rock,2021,V47,0.5,0.38,0.4,P+Fe+Mo,1.28
Trap Rock,2021,V48,0.56,0.48,0.41,P+Fe+Mo,1.45
Trap Rock,2021,V49,0.59,0.21,0.38,P+Fe+Mo,1.18
Trap Rock,2021,V50,1.97,0.17,0.72,P+Fe+Mo,2.86
Trap Rock,2021,V51,0.6,0.07,0.34,P+Fe+Ni,1.01
Trap Rock,2021,V52,0.5,0.03,0.25,P+Fe+Ni,0.78
Trap Rock,2021,V53,0.75,0.1,0.44,P+Fe+Ni,1.29
Trap Rock,2021,V54,0.58,0.18,0.4,P+Fe+Ni,1.16
Trap Rock,2021,V55,1.69,0,0.5,P+Fe+Ni,2.19
Trout Brook,2021,X01,1.31,0.58,0.23,Control,2.12
Trout Brook,2021,X02,2.2,0,0.66,Control,2.86
Trout Brook,2021,X03,1.42,0.35,0.21,Control,1.98
Trout Brook,2021,X04,1.78,0,0.33,Control,2.11
Trout Brook,2021,X05,2.05,0,0.69,Control,2.74
Trout Brook,2021,X06,2.08,0.49,0.74,N,3.31
Trout Brook,2021,X07,2.96,0,1.05,N,4.01
Trout Brook,2021,X08,2.14,0,0.75,N,2.89
Trout Brook,2021,X09,2.52,1.95,0.94,N,5.41
Trout Brook,2021,X10,2.49,0,0.71,N,3.2
Trout Brook,2021,X11,2.37,0.29,0.68,P,3.34
Trout Brook,2021,X12,1.3,0.35,0.15,P,1.8
Trout Brook,2021,X13,0.85,0.67,0.16,P,1.68
Trout Brook,2021,X14,1.44,0.12,0.29,P,1.85
Trout Brook,2021,X15,2.08,0,0.59,P,2.67
Trout Brook,2021,X16,2.47,0,1.13,N+P,3.6
Trout Brook,2021,X17,2.83,0,1.17,N+P,4
Trout Brook,2021,X18,1.8,0.33,0.74,N+P,2.87
Trout Brook,2021,X19,2.38,0,0.98,N+P,3.36
Trout Brook,2021,X20,2.1,1.04,0.82,N+P,3.96
Trout Brook,2021,X21,0.42,0,0.11,Zn+Co,0.53
Trout Brook,2021,X22,1.32,0.44,0.26,Zn+Co,2.02
Trout Brook,2021,X23,1.08,0,0.33,Zn+Co,1.41
Trout Brook,2021,X24,3.62,0,1.05,Zn+Co,4.67
Trout Brook,2021,X25,1.9,0,0.51,Zn+Co,2.41
Trout Brook,2021,X26,2.32,0.21,0.82,Fe,3.35
Trout Brook,2021,X27,0.96,0,0.22,Fe,1.18
Trout Brook,2021,X28,2.47,0,0.86,Fe,3.33
Trout Brook,2021,X29,1.32,0.82,0.44,Fe,2.58
Trout Brook,2021,X30,2.12,0.8,0.72,Fe,3.64
Trout Brook,2021,X32,2.36,0.44,0.77,P+Fe,3.57
Trout Brook,2021,X33,1.41,0.52,0.41,P+Fe,2.34
Trout Brook,2021,X34,1.46,0.32,0.31,P+Fe,2.09
Trout Brook,2021,X35,0.87,0.14,0.2,P+Fe,1.21
Trout Brook,2021,X36,3.18,0,1.37,N+P+Fe,4.55
Trout Brook,2021,X37,2.12,0,0.75,N+P+Fe,2.87
Trout Brook,2021,X38,2.07,0.22,0.94,N+P+Fe,3.23
Trout Brook,2021,X39,2.56,0,0.94,N+P+Fe,3.5
Trout Brook,2021,X40,NA,NA,NA,N+P+Fe,NA
Trout Brook,2021,X41,2.29,0,0.82,N+Fe+Zn,3.11
Trout Brook,2021,X42,1.52,0.76,0.67,N+Fe+Zn,2.95
Trout Brook,2021,X43,2.15,0,0.85,N+Fe+Zn,3
Trout Brook,2021,X44,2.96,0,0.99,N+Fe+Zn,3.95
Trout Brook,2021,X45,2.25,0.67,0.98,N+Fe+Zn,3.9
Trout Brook,2021,X46,1.78,0,0.67,P+Fe+Mo,2.45
Trout Brook,2021,X47,1.99,0,0.68,P+Fe+Mo,2.67
Trout Brook,2021,X48,1.27,0.15,0.32,P+Fe+Mo,1.74
Trout Brook,2021,X49,1.04,0.45,0.28,P+Fe+Mo,1.77
Trout Brook,2021,X50,1.62,0.6,0.56,P+Fe+Mo,2.78
Trout Brook,2021,X51,1.06,0.15,0.24,P+Fe+Ni,1.45
Trout Brook,2021,X52,1.57,0.13,0.37,P+Fe+Ni,2.07
Trout Brook,2021,X53,1.06,0.53,0.4,P+Fe+Ni,1.99
Trout Brook,2021,X54,2.36,0,0.73,P+Fe+Ni,3.09
Trout Brook,2021,X55,1.66,0,0.57,P+Fe+Ni,2.23
U36,2021,II01,0.19,0.02,0.03,Control,0.24
U36,2021,II02,0.2,0.07,0.02,Control,0.29
U36,2021,II03,0.12,0,0.04,Control,0.16
U36,2021,II04,0.13,0,0.06,Control,0.19
U36,2021,II06,0.25,0,0.07,N,0.32
U36,2021,II07,1.65,0,0.24,N,1.89
U36,2021,II08,1.36,0,0.33,N,1.69
U36,2021,II09,1.02,0,0.22,N,1.24
U36,2021,II10,0.19,0,0.07,N,0.26
U36,2021,II11,0.22,0.03,0.05,P,0.3
U36,2021,II12,0.24,0,0.13,P,0.37
U36,2021,II13,0.07,0,0.04,P,0.11
U36,2021,II14,0.17,0,0.09,P,0.26
U36,2021,II15,0.12,0,0.05,P,0.17
U36,2021,II16,0.63,0,0.15,N+P,0.78
U36,2021,II17,0.78,0,0.2,N+P,0.98
U36,2021,II18,1.32,0,0.4,N+P,1.72
U36,2021,II19,1.03,0,0.23,N+P,1.26
U36,2021,II20,0.87,0,0.31,N+P,1.18
U36,2021,II21,0.1,0,0.04,Zn+Co,0.14
U36,2021,II22,0.14,0,0.03,Zn+Co,0.17
U36,2021,II23,0.17,0.01,0.05,Zn+Co,0.23
U36,2021,II24,0.13,0.01,0.04,Zn+Co,0.18
U36,2021,II25,0.11,0,0.05,Zn+Co,0.16
U36,2021,II26,0.32,0.06,0.02,Fe,0.4
U36,2021,II27,0.25,0.02,0.06,Fe,0.33
U36,2021,II28,0.09,0,0.05,Fe,0.14
U36,2021,II29,0.23,0.03,0.07,Fe,0.33
U36,2021,II30,0.17,0.04,0.05,Fe,0.26
U36,2021,II31,0.29,0.07,0.04,P+Fe,0.4
U36,2021,II32,0.34,0,0.09,P+Fe,0.43
U36,2021,II33,0.3,0,0.08,P+Fe,0.38
U36,2021,II34,0.25,0,0.14,P+Fe,0.39
U36,2021,II35,0.16,0,0.06,P+Fe,0.22
U36,2021,II36,0.76,0,0.23,N+P+Fe,0.99
U36,2021,II37,0.16,0,0.12,N+P+Fe,0.28
U36,2021,II38,0.65,0,0.24,N+P+Fe,0.89
U36,2021,II39,1.07,0,0.29,N+P+Fe,1.36
U36,2021,II40,0.15,0,0.09,N+P+Fe,0.24
U36,2021,II41,0.17,0,0.11,N+Fe+Zn,0.28
U36,2021,II42,0.78,0,0.23,N+Fe+Zn,1.01
U36,2021,II43,0.81,0,0.19,N+Fe+Zn,1
U36,2021,II44,1.09,0,0.28,N+Fe+Zn,1.37
U36,2021,II45,1.58,0,0.43,N+Fe+Zn,2.01
U36,2021,II46,0.27,0,0.08,P+Fe+Mo,0.35
U36,2021,II47,0.2,0,0.09,P+Fe+Mo,0.29
U36,2021,II48,0.02,0.01,0.03,P+Fe+Mo,0.06
U36,2021,II49,0.39,0,0.17,P+Fe+Mo,0.56
U36,2021,II50,0.28,0,0.11,P+Fe+Mo,0.39
U36,2021,II51,0.3,0,0.11,P+Fe+Ni,0.41
U36,2021,II52,0.09,0,0.06,P+Fe+Ni,0.15
U36,2021,II53,0.31,0,0.1,P+Fe+Ni,0.41
U36,2021,II54,0.28,0.04,0.11,P+Fe+Ni,0.43
U36,2021,II55,0.14,0,0.14,P+Fe+Ni,0.28
U8,2021,LL01,1.28,0,0.64,Control,1.92
U8,2021,LL02,1.21,0,0.49,Control,1.7
U8,2021,LL03,0.09,0,0.06,Control,0.15
U8,2021,LL04,0.11,0,0.06,Control,0.17
U8,2021,LL05,0.36,0,0.15,Control,0.51
U8,2021,LL06,0.31,0,0.18,N,0.49
U8,2021,LL07,0.12,0,0.08,N,0.2
U8,2021,LL08,0.09,0,0.06,N,0.15
U8,2021,LL09,0.76,0,0.43,N,1.19
U8,2021,LL10,0.22,0,0.09,N,0.31
U8,2021,LL11,1.12,0,0.59,P,1.71
U8,2021,LL12,0.61,0,0.24,P,0.85
U8,2021,LL13,0.11,0,0.06,P,0.17
U8,2021,LL14,0.24,0.02,0.1,P,0.36
U8,2021,LL15,0.13,0,0.07,P,0.2
U8,2021,LL16,0.71,0,0.3,N+P,1.01
U8,2021,LL17,0.08,0,0.06,N+P,0.14
U8,2021,LL18,0.14,0,0.12,N+P,0.26
U8,2021,LL19,0.72,0,0.36,N+P,1.08
U8,2021,LL20,0.11,0,0.07,N+P,0.18
U8,2021,LL21,0.07,0,0.06,Zn+Co,0.13
U8,2021,LL22,0.27,0,0.12,Zn+Co,0.39
U8,2021,LL23,0.71,0,0.41,Zn+Co,1.12
U8,2021,LL24,1.34,0,0.48,Zn+Co,1.82
U8,2021,LL25,0.19,0.01,0.09,Zn+Co,0.29
U8,2021,LL26,0.68,0,0.3,Fe,0.98
U8,2021,LL27,0.55,0,0.18,Fe,0.73
U8,2021,LL28,1.78,0,0.57,Fe,2.35
U8,2021,LL29,0.69,0,0.37,Fe,1.06
U8,2021,LL30,0.09,0,0.06,Fe,0.15
U8,2021,LL31,1.3,0,0.49,P+Fe,1.79
U8,2021,LL32,0.14,0,0.07,P+Fe,0.21
U8,2021,LL33,0.21,0,0.16,P+Fe,0.37
U8,2021,LL34,0.99,0.17,0.35,P+Fe,1.51
U8,2021,LL35,0.4,0.02,0.23,P+Fe,0.65
U8,2021,LL36,1.46,0,0.6,N+P+Fe,2.06
U8,2021,LL37,0.12,0,0.12,N+P+Fe,0.24
U8,2021,LL38,0.14,0,0.12,N+P+Fe,0.26
U8,2021,LL39,0.36,0,0.18,N+P+Fe,0.54
U8,2021,LL40,0.72,0,0.37,N+P+Fe,1.09
U8,2021,LL41,0.14,0,0.12,N+Fe+Zn,0.26
U8,2021,LL42,0.99,0,0.66,N+Fe+Zn,1.65
U8,2021,LL43,0.12,0,0.09,N+Fe+Zn,0.21
U8,2021,LL44,0.15,0,0.12,N+Fe+Zn,0.27
U8,2021,LL45,0.59,0,0.37,N+Fe+Zn,0.96
U8,2021,LL46,0.13,0,0.08,P+Fe+Mo,0.21
U8,2021,LL47,1,0,0.46,P+Fe+Mo,1.46
U8,2021,LL48,1.35,0,0.45,P+Fe+Mo,1.8
U8,2021,LL49,0.13,0,0.12,P+Fe+Mo,0.25
U8,2021,LL50,0.28,0,0.17,P+Fe+Mo,0.45
U8,2021,LL51,0.81,0,0.35,P+Fe+Ni,1.16
U8,2021,LL52,0.23,0,0.14,P+Fe+Ni,0.37
U8,2021,LL53,0.35,0,0.15,P+Fe+Ni,0.5
U8,2021,LL54,1.27,0,0.59,P+Fe+Ni,1.86
U8,2021,LL55,0.09,0,0.07,P+Fe+Ni,0.16
Yellow Dog,2021,Q01,0.42,0.21,0.29,Control,0.92
Yellow Dog,2021,Q02,0.4,0.38,0.36,Control,1.14
Yellow Dog,2021,Q03,0.46,0.27,0.36,Control,1.09
Yellow Dog,2021,Q04,0.63,0.3,0.38,Control,1.31
Yellow Dog,2021,Q05,0.74,0.08,0.42,Control,1.24
Yellow Dog,2021,Q06,0.57,0.12,0.38,N,1.07
Yellow Dog,2021,Q07,0.6,0.13,0.42,N,1.15
Yellow Dog,2021,Q08,1.04,0.12,0.71,N,1.87
Yellow Dog,2021,Q09,0.68,0.33,0.75,N,1.76
Yellow Dog,2021,Q10,0.4,0.11,0.44,N,0.95
Yellow Dog,2021,Q11,0.45,0.23,0.32,P,1
Yellow Dog,2021,Q12,0.52,0.24,0.44,P,1.2
Yellow Dog,2021,Q13,0.69,0.07,0.41,P,1.17
Yellow Dog,2021,Q14,0.39,0.29,0.36,P,1.04
Yellow Dog,2021,Q15,0.47,0.29,0.46,P,1.22
Yellow Dog,2021,Q16,0.98,0.3,0.55,N+P,1.83
Yellow Dog,2021,Q17,0.85,0.02,0.57,N+P,1.44
Yellow Dog,2021,Q18,0.61,0.27,0.52,N+P,1.4
Yellow Dog,2021,Q19,0.59,0.12,0.44,N+P,1.15
Yellow Dog,2021,Q20,0.53,0.15,0.46,N+P,1.14
Yellow Dog,2021,Q21,0.49,0.1,0.32,Zn+Co,0.91
Yellow Dog,2021,Q22,0.42,0.24,0.27,Zn+Co,0.93
Yellow Dog,2021,Q23,0.7,0.13,0.39,Zn+Co,1.22
Yellow Dog,2021,Q24,0.62,0.1,0.4,Zn+Co,1.12
Yellow Dog,2021,Q25,0.45,0.08,0.39,Zn+Co,0.92
Yellow Dog,2021,Q26,0.44,0.23,0.38,Fe,1.05
Yellow Dog,2021,Q27,0.45,0.29,0.3,Fe,1.04
Yellow Dog,2021,Q28,0.64,0.18,0.39,Fe,1.21
Yellow Dog,2021,Q29,0.43,0.2,0.29,Fe,0.92
Yellow Dog,2021,Q30,0.6,0.14,0.42,Fe,1.16
Yellow Dog,2021,Q31,0.35,0.19,0.3,P+Fe,0.84
Yellow Dog,2021,Q32,0.57,0.23,0.43,P+Fe,1.23
Yellow Dog,2021,Q33,0.55,0.12,0.3,P+Fe,0.97
Yellow Dog,2021,Q34,0.76,0.09,0.59,P+Fe,1.44
Yellow Dog,2021,Q35,0.38,0.32,0.34,P+Fe,1.04
Yellow Dog,2021,Q36,0.74,0.28,0.53,N+P+Fe,1.55
Yellow Dog,2021,Q37,0.48,0.06,0.38,N+P+Fe,0.92
Yellow Dog,2021,Q38,0.52,0.24,0.44,N+P+Fe,1.2
Yellow Dog,2021,Q39,0.74,0,0.64,N+P+Fe,1.38
Yellow Dog,2021,Q40,0.6,0.21,0.53,N+P+Fe,1.34
Yellow Dog,2021,Q41,0.46,0.16,0.4,N+Fe+Zn,1.02
Yellow Dog,2021,Q42,0.56,0.06,0.43,N+Fe+Zn,1.05
Yellow Dog,2021,Q43,0.73,0,0.55,N+Fe+Zn,1.28
Yellow Dog,2021,Q44,0.73,0.17,0.65,N+Fe+Zn,1.55
Yellow Dog,2021,Q45,0.41,0.18,0.4,N+Fe+Zn,0.99
Yellow Dog,2021,Q46,0.34,0.27,0.3,P+Fe+Mo,0.91
Yellow Dog,2021,Q47,0.49,0,0.54,P+Fe+Mo,1.03
Yellow Dog,2021,Q48,0.49,0.24,0.43,P+Fe+Mo,1.16
Yellow Dog,2021,Q49,0.92,0.14,0.55,P+Fe+Mo,1.61
Yellow Dog,2021,Q50,0.69,0.27,0.45,P+Fe+Mo,1.41
Yellow Dog,2021,Q51,0.63,0.44,0.32,P+Fe+Ni,1.39
Yellow Dog,2021,Q52,0.77,0.19,0.52,P+Fe+Ni,1.48
Yellow Dog,2021,Q53,0.38,0.23,0.29,P+Fe+Ni,0.9
Yellow Dog,2021,Q54,0.42,0.13,0.36,P+Fe+Ni,0.91
Yellow Dog,2021,Q55,0.3,0.27,0.23,P+Fe+Ni,0.8
Old Woman,2022,C01,2.48,0,1.81,Control,4.29
Old Woman,2022,C02,3.24,0,2.59,Control,5.83
Old Woman,2022,C03,2.93,0,2.38,Control,5.31
Old Woman,2022,C04,2.2,0,1.57,Control,3.77
Old Woman,2022,C05,2.93,0,2.45,Control,5.38
Old Woman,2022,C06,1.99,0,1.48,N,3.47
Old Woman,2022,C07,2.72,0,2.15,N,4.87
Old Woman,2022,C08,2.58,0,1.86,N,4.44
Old Woman,2022,C09,2.12,0,1.73,N,3.85
Old Woman,2022,C10,2.04,0,1.85,N,3.89
Old Woman,2022,C11,2.34,0,1.66,P,4
Old Woman,2022,C12,3.56,0,2.93,P,6.49
Old Woman,2022,C13,2.64,0,2.08,P,4.72
Old Woman,2022,C14,NA,NA,NA,P,NA
Old Woman,2022,C15,2.29,0,2.4,P,4.69
Old Woman,2022,C16,2.85,0,2.46,N+P,5.31
Old Woman,2022,C17,3.89,0,3.1,N+P,6.99
Old Woman,2022,C18,2.41,0,1.9,N+P,4.31
Old Woman,2022,C19,2.73,0,2.1,N+P,4.83
Old Woman,2022,C20,3.19,0,2.44,N+P,5.63
Old Woman,2022,C21,2.93,0,1,Zn,3.93
Old Woman,2022,C22,2.48,0,1.84,Zn,4.32
Old Woman,2022,C23,3.44,0,2.36,Zn,5.8
Old Woman,2022,C24,2.98,0,2.2,Zn,5.18
Old Woman,2022,C25,3.3,0,2.4,Zn,5.7
Old Woman,2022,C26,3.36,0,2.57,Fe,5.93
Old Woman,2022,C27,3.24,0,2.23,Fe,5.47
Old Woman,2022,C28,3.25,0,2.39,Fe,5.64
Old Woman,2022,C29,2.59,0,1.88,Fe,4.47
Old Woman,2022,C30,3.36,0,2.57,Fe,5.93
Old Woman,2022,C31,3.07,0,2.29,N+Fe,5.36
Old Woman,2022,C32,2.25,0,1.76,N+Fe,4.01
Old Woman,2022,C33,2.9,0,1.95,N+Fe,4.85
Old Woman,2022,C34,2.25,0,1.98,N+Fe,4.23
Old Woman,2022,C35,2.75,0,2.29,N+Fe,5.04
Old Woman,2022,C36,3.48,0,2.94,P+Fe,6.42
Old Woman,2022,C37,2.46,0,1.95,P+Fe,4.41
Old Woman,2022,C38,3.33,0,2.67,P+Fe,6
Old Woman,2022,C39,3.31,0,2.79,P+Fe,6.1
Old Woman,2022,C40,2.32,0,1.95,P+Fe,4.27
Old Woman,2022,C41,2.66,0,2.23,N+P+Fe,4.89
Old Woman,2022,C42,2.75,0,2.47,N+P+Fe,5.22
Old Woman,2022,C43,3.95,0,2.83,N+P+Fe,6.78
Old Woman,2022,C44,2.88,0,2.67,N+P+Fe,5.55
Old Woman,2022,C45,3.17,0,2.63,N+P+Fe,5.8
Old Woman,2022,C46,3.19,0,2.61,N+Fe+Zn,5.8
Old Woman,2022,C47,3.46,0,2.94,N+Fe+Zn,6.4
Old Woman,2022,C48,3.81,0,3.08,N+Fe+Zn,6.89
Old Woman,2022,C49,2.36,0,2.22,N+Fe+Zn,4.58
Old Woman,2022,C50,2.29,0,2.06,N+Fe+Zn,4.35
Old Woman,2022,C51,3.4,0,2.65,P+Fe+Mo,6.05
Old Woman,2022,C52,2.75,0,2.1,P+Fe+Mo,4.85
Old Woman,2022,C53,2.44,0,1.85,P+Fe+Mo,4.29
Old Woman,2022,C54,2.33,0,1.95,P+Fe+Mo,4.28
Old Woman,2022,C55,3.2,0,2.65,P+Fe+Mo,5.85
Old Woman,2022,C56,NA,NA,NA,P+Fe+Ni,NA
Old Woman,2022,C57,2.61,0,2.21,P+Fe+Ni,4.82
Old Woman,2022,C58,2.98,0,2.16,P+Fe+Ni,5.14
Old Woman,2022,C59,3.39,0,3.16,P+Fe+Ni,6.55
Old Woman,2022,C60,NA,NA,NA,P+Fe+Ni,NA
Chapel,2022,B01,0.35,0.04,0.39,Control,0.78
Chapel,2022,B02,2.35,0,2.43,Control,4.78
Chapel,2022,B03,1.99,0,1.66,Control,3.65
Chapel,2022,B04,2.04,0,1.68,Control,3.72
Chapel,2022,B05,0.26,0,0.15,Control,0.41
Chapel,2022,B06,2.09,0,2.4,N,4.49
Chapel,2022,B07,1.94,0,1.88,N,3.82
Chapel,2022,B08,0.58,0,0.28,N,0.86
Chapel,2022,B09,2.1,0,2.2,N,4.3
Chapel,2022,B10,2.27,0,2.52,N,4.79
Chapel,2022,B11,2.47,0,2.56,P,5.03
Chapel,2022,B12,NA,NA,NA,P,NA
Chapel,2022,B13,2.61,0,2.39,P,5
Chapel,2022,B14,2.03,0,1.56,P,3.59
Chapel,2022,B15,2.04,0,2.25,P,4.29
Chapel,2022,B16,0.18,0,0.09,N+P,0.27
Chapel,2022,B17,3.03,0,2.56,N+P,5.59
Chapel,2022,B18,1.86,0.39,1.74,N+P,3.99
Chapel,2022,B19,1.33,0.74,1.67,N+P,3.74
Chapel,2022,B20,0.84,0.25,0.62,N+P,1.71
Chapel,2022,B21,2.12,0,1.68,Zn,3.8
Chapel,2022,B22,3.05,0,2.55,Zn,5.6
Chapel,2022,B23,2.05,0,1.67,Zn,3.72
Chapel,2022,B24,0.23,0.07,0.27,Zn,0.57
Chapel,2022,B25,0.95,0,0.58,Zn,1.53
Chapel,2022,B26,1.73,0,1.45,Fe,3.18
Chapel,2022,B27,0.42,0,0.26,Fe,0.68
Chapel,2022,B28,2.61,0,2.63,Fe,5.24
Chapel,2022,B29,1.88,0,2.01,Fe,3.89
Chapel,2022,B30,1.34,0,0.98,Fe,2.32
Chapel,2022,B31,0.22,0.08,0.19,N+Fe,0.49
Chapel,2022,B32,0.2,0,0.11,N+Fe,0.31
Chapel,2022,B33,1.59,0,1.89,N+Fe,3.48
Chapel,2022,B34,1.96,0,1.74,N+Fe,3.7
Chapel,2022,B35,0.29,0,0.25,N+Fe,0.54
Chapel,2022,B36,3.25,0,2.86,P+Fe,6.11
Chapel,2022,B37,1.66,0,1.8,P+Fe,3.46
Chapel,2022,B38,3.3,0,2.68,P+Fe,5.98
Chapel,2022,B39,0.32,0,0.31,P+Fe,0.63
Chapel,2022,B40,NA,NA,NA,P+Fe,NA
Chapel,2022,B41,3.23,0,2.6,N+P+Fe,5.83
Chapel,2022,B42,1.53,0.74,1.56,N+P+Fe,3.83
Chapel,2022,B43,2.99,0,2.73,N+P+Fe,5.72
Chapel,2022,B44,NA,NA,NA,N+P+Fe,NA
Chapel,2022,B45,2.27,0,2.04,N+P+Fe,4.31
Chapel,2022,B46,2.78,0,2.74,N+Fe+Zn,5.52
Chapel,2022,B47,2.29,0,2.13,N+Fe+Zn,4.42
Chapel,2022,B48,0.25,0,0.15,N+Fe+Zn,0.4
Chapel,2022,B49,1.93,0,1.96,N+Fe+Zn,3.89
Chapel,2022,B50,1.81,0,1.78,N+Fe+Zn,3.59
Chapel,2022,B51,1.53,0.24,1.52,P+Fe+Mo,3.29
Chapel,2022,B52,0.42,0.02,0.3,P+Fe+Mo,0.74
Chapel,2022,B53,1.75,0,1.81,P+Fe+Mo,3.56
Chapel,2022,B54,0.29,0.02,0.44,P+Fe+Mo,0.75
Chapel,2022,B55,1.93,0,1.95,P+Fe+Mo,3.88
Chapel,2022,B56,0.24,0.11,0.3,P+Fe+Ni,0.65
Chapel,2022,B57,0.33,0,0.4,P+Fe+Ni,0.73
Chapel,2022,B58,2.09,0,2.03,P+Fe+Ni,4.12
Chapel,2022,B59,2.31,0,2.02,P+Fe+Ni,4.33
Chapel,2022,B60,0.34,0.11,0.76,P+Fe+Ni,1.21
Chance,2022,A01,0.82,0,0.36,Control,1.18
Chance,2022,A02,1.31,0,0.56,Control,1.87
Chance,2022,A03,NA,NA,NA,Control,NA
Chance,2022,A04,1.03,0,0.37,Control,1.4
Chance,2022,A05,0.8,0,0.27,Control,1.07
Chance,2022,A06,1.5,0,0.6,N,2.1
Chance,2022,A07,1.21,0,0.54,N,1.75
Chance,2022,A08,1.15,0,0.43,N,1.58
Chance,2022,A09,1.19,0,0.45,N,1.64
Chance,2022,A10,0.84,0,0.33,N,1.17
Chance,2022,A11,1.04,0,0.39,P,1.43
Chance,2022,A12,0.95,0,0.37,P,1.32
Chance,2022,A13,1.36,0,0.57,P,1.93
Chance,2022,A14,0.94,0,0.29,P,1.23
Chance,2022,A15,NA,NA,NA,P,NA
Chance,2022,A16,1.47,0,0.56,N+P,2.03
Chance,2022,A17,1.13,0,0.4,N+P,1.53
Chance,2022,A18,1.14,0,0.48,N+P,1.62
Chance,2022,A19,1.01,0,0.4,N+P,1.41
Chance,2022,A20,1.42,0,0.56,N+P,1.98
Chance,2022,A21,1.59,0,0.61,Zn,2.2
Chance,2022,A22,1.38,0,0.61,Zn,1.99
Chance,2022,A23,1.46,0,0.52,Zn,1.98
Chance,2022,A24,1.22,0,0.38,Zn,1.6
Chance,2022,A25,1.53,0,0.61,Zn,2.14
Chance,2022,A26,1.24,0,0.38,Fe,1.62
Chance,2022,A27,1.21,0,0.49,Fe,1.7
Chance,2022,A28,NA,NA,NA,Fe,NA
Chance,2022,A29,1.48,0,0.62,Fe,2.1
Chance,2022,A30,0.94,0,0.33,Fe,1.27
Chance,2022,A31,1.27,0,0.48,N+Fe,1.75
Chance,2022,A32,NA,NA,NA,N+Fe,NA
Chance,2022,A33,1.08,0,0.48,N+Fe,1.56
Chance,2022,A34,1.34,0,0.65,N+Fe,1.99
Chance,2022,A35,NA,NA,NA,N+Fe,NA
Chance,2022,A36,1.32,0,0.52,P+Fe,1.84
Chance,2022,A37,NA,NA,NA,P+Fe,NA
Chance,2022,A38,1.22,0,0.45,P+Fe,1.67
Chance,2022,A39,1.44,0,0.5,P+Fe,1.94
Chance,2022,A40,1.37,0,0.51,P+Fe,1.88
Chance,2022,A41,1.7,0,0.68,N+P+Fe,2.38
Chance,2022,A42,1.24,0,0.41,N+P+Fe,1.65
Chance,2022,A43,1.24,0,0.69,N+P+Fe,1.93
Chance,2022,A44,1.64,0,0.71,N+P+Fe,2.35
Chance,2022,A45,1.32,0,0.58,N+P+Fe,1.9
Chance,2022,A46,1.47,0,0.59,N+Fe+Zn,2.06
Chance,2022,A47,1.07,0,0.5,N+Fe+Zn,1.57
Chance,2022,A48,1.13,0,0.51,N+Fe+Zn,1.64
Chance,2022,A49,1.39,0,0.56,N+Fe+Zn,1.95
Chance,2022,A50,1.19,0,0.51,N+Fe+Zn,1.7
Chance,2022,A51,NA,NA,NA,P+Fe+Mo,NA
Chance,2022,A52,1.3,0,0.54,P+Fe+Mo,1.84
Chance,2022,A53,0.98,0,0.41,P+Fe+Mo,1.39
Chance,2022,A54,1.32,0,0.52,P+Fe+Mo,1.84
Chance,2022,A55,1.18,0,0.43,P+Fe+Mo,1.61
Chance,2022,A56,0.82,0,0.34,P+Fe+Ni,1.16
Chance,2022,A57,1.82,0,0.54,P+Fe+Ni,2.36
Chance,2022,A58,0.97,0,0.34,P+Fe+Ni,1.31
Chance,2022,A59,1.63,0,0.64,P+Fe+Ni,2.27
Chance,2022,A60,1.04,0,0.41,P+Fe+Ni,1.45
Rocky,2022,I01,0.15,0,0.08,Control,0.23
Rocky,2022,I02,0.21,0,0.09,Control,0.3
Rocky,2022,I03,0.47,0,0.31,Control,0.78
Rocky,2022,I04,0.6,0,0.43,Control,1.03
Rocky,2022,I05,0.42,0.02,0.27,Control,0.71
Rocky,2022,I06,0.89,0.55,0.91,N,2.35
Rocky,2022,I07,NA,NA,NA,N,NA
Rocky,2022,I08,NA,NA,NA,N,NA
Rocky,2022,I09,0.73,0.23,0.64,N,1.6
Rocky,2022,I10,0.31,0.32,0.35,N,0.98
Rocky,2022,I11,0.52,0,0.3,P,0.82
Rocky,2022,I12,NA,NA,NA,P,NA
Rocky,2022,I13,0.7,0,0.33,P,1.03
Rocky,2022,I14,0.17,0,0.06,P,0.23
Rocky,2022,I15,0.33,0,0.16,P,0.49
Rocky,2022,I16,0.28,0.04,0.16,N+P,0.48
Rocky,2022,I17,1.05,0,0.55,N+P,1.6
Rocky,2022,I18,0.2,0.08,0.13,N+P,0.41
Rocky,2022,I19,0.3,0.01,0.19,N+P,0.5
Rocky,2022,I20,0.37,0,0.2,N+P,0.57
Rocky,2022,I21,0.46,0,0.3,Zn,0.76
Rocky,2022,I22,1.06,0,0.51,Zn,1.57
Rocky,2022,I23,0.47,0,0.37,Zn,0.84
Rocky,2022,I24,0.28,0,0.3,Zn,0.58
Rocky,2022,I25,0.62,0,0.3,Zn,0.92
Rocky,2022,I26,0.46,0,0.4,Fe,0.86
Rocky,2022,I27,NA,NA,NA,Fe,NA
Rocky,2022,I28,0.4,0,0.21,Fe,0.61
Rocky,2022,I29,0.31,0,0.16,Fe,0.47
Rocky,2022,I30,0.37,0,0.19,Fe,0.56
Rocky,2022,I31,NA,NA,NA,N+Fe,NA
Rocky,2022,I32,0.49,0,0.25,N+Fe,0.74
Rocky,2022,I33,0.23,0,0.13,N+Fe,0.36
Rocky,2022,I34,0.21,0.08,0.12,N+Fe,0.41
Rocky,2022,I35,0.94,0.45,0.9,N+Fe,2.29
Rocky,2022,I36,0.71,0,0.4,P+Fe,1.11
Rocky,2022,I37,0.59,0,0.28,P+Fe,0.87
Rocky,2022,I38,NA,NA,NA,P+Fe,NA
Rocky,2022,I39,0.71,0,0.43,P+Fe,1.14
Rocky,2022,I40,NA,NA,NA,P+Fe,NA
Rocky,2022,I41,0.16,0,0.06,N+P+Fe,0.22
Rocky,2022,I42,0.24,0.04,0.12,N+P+Fe,0.4
Rocky,2022,I43,0.38,0.08,0.19,N+P+Fe,0.65
Rocky,2022,I44,0.35,0,0.19,N+P+Fe,0.54
Rocky,2022,I45,0.28,0.06,0.15,N+P+Fe,0.49
Rocky,2022,I46,0.29,0.02,0.13,N+Fe+Zn,0.44
Rocky,2022,I47,0.32,0,0.22,N+Fe+Zn,0.54
Rocky,2022,I48,0.67,0.47,0.62,N+Fe+Zn,1.76
Rocky,2022,I49,0.24,0,0.16,N+Fe+Zn,0.4
Rocky,2022,I50,0.87,0,0.45,N+Fe+Zn,1.32
Rocky,2022,I51,0.21,0,0.12,P+Fe+Mo,0.33
Rocky,2022,I52,0.3,0,0.13,P+Fe+Mo,0.43
Rocky,2022,I53,0.35,0,0.23,P+Fe+Mo,0.58
Rocky,2022,I54,1.18,0,0.66,P+Fe+Mo,1.84
Rocky,2022,I55,0.51,0,0.34,P+Fe+Mo,0.85
Rocky,2022,I56,0.18,0,0.08,P+Fe+Ni,0.26
Rocky,2022,I57,0.65,0,0.37,P+Fe+Ni,1.02
Rocky,2022,I58,0.47,0,0.27,P+Fe+Ni,0.74
Rocky,2022,I59,0.92,0,0.45,P+Fe+Ni,1.37
Rocky,2022,I60,1.49,0,1.16,P+Fe+Ni,2.65
Fish,2022,D01,2.31,0,1.74,Control,4.05
Fish,2022,D02,2.24,0,1.52,Control,3.76
Fish,2022,D03,2.12,0,1.14,Control,3.26
Fish,2022,D04,2.11,0,1.48,Control,3.59
Fish,2022,D05,2.64,0,1.72,Control,4.36
Fish,2022,D06,2.26,0,1.59,N,3.85
Fish,2022,D07,2.05,0,1.21,N,3.26
Fish,2022,D08,2.13,0,1.4,N,3.53
Fish,2022,D09,2.59,0,1.89,N,4.48
Fish,2022,D10,2.14,0,1.16,N,3.3
Fish,2022,D11,0.79,0,0.49,P,1.28
Fish,2022,D12,2.3,0,1.49,P,3.79
Fish,2022,D13,2.51,0,1.84,P,4.35
Fish,2022,D14,1.98,0,1.45,P,3.43
Fish,2022,D15,2.27,0,1.82,P,4.09
Fish,2022,D16,2.44,0,1.32,N+P,3.76
Fish,2022,D17,2.32,0,1.37,N+P,3.69
Fish,2022,D18,2.08,0,1.42,N+P,3.5
Fish,2022,D19,1.99,0,1.34,N+P,3.33
Fish,2022,D20,1.87,0,1.49,N+P,3.36
Fish,2022,D21,2.31,0,1.48,Zn,3.79
Fish,2022,D22,1.91,0,1.27,Zn,3.18
Fish,2022,D23,2.1,0,1.38,Zn,3.48
Fish,2022,D24,2.09,0,1.62,Zn,3.71
Fish,2022,D25,2.15,0,1.62,Zn,3.77
Fish,2022,D26,2.29,0,1.63,Fe,3.92
Fish,2022,D27,1.78,0,1.13,Fe,2.91
Fish,2022,D28,2.44,0,1.51,Fe,3.95
Fish,2022,D29,1.92,0,1.37,Fe,3.29
Fish,2022,D30,1.88,0,1.18,Fe,3.06
Fish,2022,D31,1.3,0.32,0.77,N+Fe,2.39
Fish,2022,D32,2.37,0,1.53,N+Fe,3.9
Fish,2022,D33,1.4,0,1.04,N+Fe,2.44
Fish,2022,D34,2.41,0,1.46,N+Fe,3.87
Fish,2022,D35,2.92,0,2.24,N+Fe,5.16
Fish,2022,D36,2.24,0,1.56,P+Fe,3.8
Fish,2022,D37,1.63,0,0.81,P+Fe,2.44
Fish,2022,D38,1.87,0,1.2,P+Fe,3.07
Fish,2022,D39,2.2,0,1.6,P+Fe,3.8
Fish,2022,D40,2.1,0,1.36,P+Fe,3.46
Fish,2022,D41,1.58,0,1.13,N+P+Fe,2.71
Fish,2022,D42,1.79,0,1.15,N+P+Fe,2.94
Fish,2022,D43,1.9,0,1.45,N+P+Fe,3.35
Fish,2022,D44,2.19,0,1.49,N+P+Fe,3.68
Fish,2022,D45,2.48,0,1.54,N+P+Fe,4.02
Fish,2022,D46,2.03,0,1.25,N+Fe+Zn,3.28
Fish,2022,D47,1.93,0,1.09,N+Fe+Zn,3.02
Fish,2022,D48,1.53,0,0.5,N+Fe+Zn,2.03
Fish,2022,D49,2.32,0,1.23,N+Fe+Zn,3.55
Fish,2022,D50,2.1,0,1.26,N+Fe+Zn,3.36
Fish,2022,D51,1.15,0,0.79,P+Fe+Mo,1.94
Fish,2022,D52,2,0,1.27,P+Fe+Mo,3.27
Fish,2022,D53,2.35,0,1.42,P+Fe+Mo,3.77
Fish,2022,D54,2.31,0,1.4,P+Fe+Mo,3.71
Fish,2022,D55,1.96,0.24,0.98,P+Fe+Mo,3.18
Fish,2022,D56,1.63,0.11,0.75,P+Fe+Ni,2.49
Fish,2022,D57,2.33,0,1.47,P+Fe+Ni,3.8
Fish,2022,D58,2.27,0,1.65,P+Fe+Ni,3.92
Fish,2022,D59,2.4,0,1.46,P+Fe+Ni,3.86
Fish,2022,D60,2.01,0,0.98,P+Fe+Ni,2.99
Breakneck,2022,E01,2.96,0,1.78,Control,4.74
Breakneck,2022,E02,1.8,0,1.09,Control,2.89
Breakneck,2022,E03,1.61,0,0.95,Control,2.56
Breakneck,2022,E04,2.09,0,1.98,Control,4.07
Breakneck,2022,E05,1.64,0,1.04,Control,2.68
Breakneck,2022,E06,3.04,0,1.04,N,4.08
Breakneck,2022,E07,NA,NA,NA,N,NA
Breakneck,2022,E08,1.73,0,1.31,N,3.04
Breakneck,2022,E09,2.51,0,1.61,N,4.12
Breakneck,2022,E10,1.93,0,1.36,N,3.29
Breakneck,2022,E11,1.84,0,0.9,P,2.74
Breakneck,2022,E12,NA,NA,NA,P,NA
Breakneck,2022,E13,1.78,0,1.35,P,3.13
Breakneck,2022,E14,NA,NA,NA,P,NA
Breakneck,2022,E15,NA,NA,NA,P,NA
Breakneck,2022,E16,2.67,0,1.57,N+P,4.24
Breakneck,2022,E17,1.82,0,1.55,N+P,3.37
Breakneck,2022,E18,2.65,0,1.71,N+P,4.36
Breakneck,2022,E19,1.99,0,1.45,N+P,3.44
Breakneck,2022,E20,2.18,0,1.53,N+P,3.71
Breakneck,2022,E21,2.67,0,1.43,Zn,4.1
Breakneck,2022,E22,3.05,0,1.2,Zn,4.25
Breakneck,2022,E23,2.62,0,1.81,Zn,4.43
Breakneck,2022,E24,2.44,0,1.51,Zn,3.95
Breakneck,2022,E25,0.72,0.08,0.25,Zn,1.05
Breakneck,2022,E26,1.99,0,1.32,Fe,3.31
Breakneck,2022,E27,2.74,0,1.55,Fe,4.29
Breakneck,2022,E28,1.75,0,1.3,Fe,3.05
Breakneck,2022,E29,2.92,0,1.77,Fe,4.69
Breakneck,2022,E30,1.84,0,1.77,Fe,3.61
Breakneck,2022,E31,2.75,0,1.56,N+Fe,4.31
Breakneck,2022,E32,1.59,0,0.85,N+Fe,2.44
Breakneck,2022,E33,NA,NA,NA,N+Fe,NA
Breakneck,2022,E34,2.35,0,1.71,N+Fe,4.06
Breakneck,2022,E35,NA,NA,NA,N+Fe,NA
Breakneck,2022,E36,NA,NA,NA,P+Fe,NA
Breakneck,2022,E37,1.97,0,1.4,P+Fe,3.37
Breakneck,2022,E38,1.86,0,1.26,P+Fe,3.12
Breakneck,2022,E39,2.06,0,1.59,P+Fe,3.65
Breakneck,2022,E40,2.43,0,1.55,P+Fe,3.98
Breakneck,2022,E41,1.72,0,1.28,N+P+Fe,3
Breakneck,2022,E42,1.67,0,1.15,N+P+Fe,2.82
Breakneck,2022,E43,3.19,0,2.08,N+P+Fe,5.27
Breakneck,2022,E44,2.42,0,1.09,N+P+Fe,3.51
Breakneck,2022,E45,2.02,0,1.47,N+P+Fe,3.49
Breakneck,2022,E46,1.52,0,1.56,N+Fe+Zn,3.08
Breakneck,2022,E47,2.64,0,1.3,N+Fe+Zn,3.94
Breakneck,2022,E48,2.71,0,1.33,N+Fe+Zn,4.04
Breakneck,2022,E49,2.33,0,1.31,N+Fe+Zn,3.64
Breakneck,2022,E50,2.58,0,1.72,N+Fe+Zn,4.3
Breakneck,2022,E51,2.67,0,1.81,P+Fe+Mo,4.48
Breakneck,2022,E52,1.99,0,1.44,P+Fe+Mo,3.43
Breakneck,2022,E53,1.76,0,1.28,P+Fe+Mo,3.04
Breakneck,2022,E54,2.48,0,1.26,P+Fe+Mo,3.74
Breakneck,2022,E55,2.15,0,1.41,P+Fe+Mo,3.56
Breakneck,2022,E56,1.73,0,1.41,P+Fe+Ni,3.14
Breakneck,2022,E57,NA,NA,NA,P+Fe+Ni,NA
Breakneck,2022,E58,2.73,0,1.03,P+Fe+Ni,3.76
Breakneck,2022,E59,2.04,0,1.33,P+Fe+Ni,3.37
Breakneck,2022,E60,2.95,0,1.83,P+Fe+Ni,4.78
Mahoning,2022,F01,0.3,0,0.07,Control,0.37
Mahoning,2022,F02,0.62,0,0.21,Control,0.83
Mahoning,2022,F03,0.44,0,0.23,Control,0.67
Mahoning,2022,F04,0.68,0,0.28,Control,0.96
Mahoning,2022,F05,0.15,0,0.05,Control,0.2
Mahoning,2022,F06,0.21,0,0.08,N,0.29
Mahoning,2022,F07,1.82,0,1.32,N,3.14
Mahoning,2022,F08,1.54,0,1.14,N,2.68
Mahoning,2022,F09,0.82,0,0.41,N,1.23
Mahoning,2022,F10,1.59,0,1.01,N,2.6
Mahoning,2022,F11,0.76,0,0.24,P,1
Mahoning,2022,F12,0.52,0,0.22,P,0.74
Mahoning,2022,F13,0.3,0,0.13,P,0.43
Mahoning,2022,F14,0.54,0,0.2,P,0.74
Mahoning,2022,F15,NA,NA,NA,P,NA
Mahoning,2022,F16,1.49,0,0.91,N+P,2.4
Mahoning,2022,F17,1.04,0,0.47,N+P,1.51
Mahoning,2022,F18,1.06,0,0.51,N+P,1.57
Mahoning,2022,F19,0.82,0,0.33,N+P,1.15
Mahoning,2022,F20,0.67,0,0.33,N+P,1
Mahoning,2022,F21,1.32,0,0.53,Zn,1.85
Mahoning,2022,F22,0.44,0,0.17,Zn,0.61
Mahoning,2022,F23,0.95,0,0.5,Zn,1.45
Mahoning,2022,F24,0.51,0,0.16,Zn,0.67
Mahoning,2022,F25,0.32,0,0.12,Zn,0.44
Mahoning,2022,F26,0.23,0,0.05,Fe,0.28
Mahoning,2022,F27,0.12,0,0.03,Fe,0.15
Mahoning,2022,F28,0.81,0,0.4,Fe,1.21
Mahoning,2022,F29,0.43,0,0.14,Fe,0.57
Mahoning,2022,F30,0.12,0.06,0.04,Fe,0.22
Mahoning,2022,F31,0.66,0,0.43,N+Fe,1.09
Mahoning,2022,F32,0.63,0,0.22,N+Fe,0.85
Mahoning,2022,F33,1.09,0,0.67,N+Fe,1.76
Mahoning,2022,F34,1.87,0,1.34,N+Fe,3.21
Mahoning,2022,F35,0.59,0,0.31,N+Fe,0.9
Mahoning,2022,F36,0.55,0,0.24,P+Fe,0.79
Mahoning,2022,F37,1.44,0,0.69,P+Fe,2.13
Mahoning,2022,F38,0.27,0,0.1,P+Fe,0.37
Mahoning,2022,F39,0.16,0,0.05,P+Fe,0.21
Mahoning,2022,F40,0.91,0,0.35,P+Fe,1.26
Mahoning,2022,F41,0.34,0,0.12,N+P+Fe,0.46
Mahoning,2022,F42,1.04,0,0.73,N+P+Fe,1.77
Mahoning,2022,F43,1.58,0,0.99,N+P+Fe,2.57
Mahoning,2022,F44,1.3,0,0.81,N+P+Fe,2.11
Mahoning,2022,F45,1.96,0,1.65,N+P+Fe,3.61
Mahoning,2022,F46,0.27,0,0.09,N+Fe+Zn,0.36
Mahoning,2022,F47,1.31,0,0.51,N+Fe+Zn,1.82
Mahoning,2022,F48,0.4,0,0.16,N+Fe+Zn,0.56
Mahoning,2022,F49,1.45,0,0.78,N+Fe+Zn,2.23
Mahoning,2022,F50,1.04,0,0.62,N+Fe+Zn,1.66
Mahoning,2022,F51,0.09,0.02,0.04,P+Fe+Mo,0.15
Mahoning,2022,F52,0.79,0,0.4,P+Fe+Mo,1.19
Mahoning,2022,F53,0.26,0.01,0.08,P+Fe+Mo,0.35
Mahoning,2022,F54,0.57,0,0.25,P+Fe+Mo,0.82
Mahoning,2022,F55,0.48,0,0.24,P+Fe+Mo,0.72
Mahoning,2022,F56,0.88,0,0.3,P+Fe+Ni,1.18
Mahoning,2022,F57,1.87,0,1.34,P+Fe+Ni,3.21
Mahoning,2022,F58,0.27,0,0.08,P+Fe+Ni,0.35
Mahoning,2022,F59,0.29,0,0.12,P+Fe+Ni,0.41
Mahoning,2022,F60,0.78,0,0.33,P+Fe+Ni,1.11
FRY,2022,N01,0.52,0,0.25,Control,0.77
FRY,2022,N02,1.03,0,0.4,Control,1.43
FRY,2022,N03,0.38,0,0.16,Control,0.54
FRY,2022,N04,0.55,0,0.25,Control,0.8
FRY,2022,N05,1.35,0,0.58,Control,1.93
FRY,2022,N06,0.82,0,0.3,N,1.12
FRY,2022,N07,0.57,0,0.25,N,0.82
FRY,2022,N08,0.69,0,0.28,N,0.97
FRY,2022,N09,0.68,0,0.28,N,0.96
FRY,2022,N10,0.62,0,0.27,N,0.89
FRY,2022,N11,NA,NA,NA,P,NA
FRY,2022,N12,0.6,0,0.18,P,0.78
FRY,2022,N13,0.56,0,0.18,P,0.74
FRY,2022,N14,0.85,0,0.32,P,1.17
FRY,2022,N15,0.52,0,0.15,P,0.67
FRY,2022,N16,0.69,0,0.23,N+P,0.92
FRY,2022,N17,0.88,0,0.48,N+P,1.36
FRY,2022,N18,0.76,0,0.31,N+P,1.07
FRY,2022,N19,0.56,0,0.16,N+P,0.72
FRY,2022,N20,0.88,0,0.35,N+P,1.23
FRY,2022,N21,0.39,0,0.17,Zn,0.56
FRY,2022,N22,0.89,0,0.33,Zn,1.22
FRY,2022,N23,0.7,0,0.33,Zn,1.03
FRY,2022,N24,0.81,0,0.28,Zn,1.09
FRY,2022,N25,1.1,0,0.34,Zn,1.44
FRY,2022,N26,0.54,0,0.24,Fe,0.78
FRY,2022,N27,0.46,0,0.14,Fe,0.6
FRY,2022,N28,NA,NA,NA,Fe,NA
FRY,2022,N29,0.65,0,0.22,Fe,0.87
FRY,2022,N30,0.58,0,0.21,Fe,0.79
FRY,2022,N31,0.54,0,0.15,N+Fe,0.69
FRY,2022,N32,0.84,0,0.29,N+Fe,1.13
FRY,2022,N33,0.76,0,0.31,N+Fe,1.07
FRY,2022,N34,0.66,0,0.31,N+Fe,0.97
FRY,2022,N35,1.43,0,0.55,N+Fe,1.98
FRY,2022,N36,0.56,0,0.26,P+Fe,0.82
FRY,2022,N37,0.69,0,0.34,P+Fe,1.03
FRY,2022,N38,0.92,0,0.33,P+Fe,1.25
FRY,2022,N39,0.51,0,0.19,P+Fe,0.7
FRY,2022,N40,NA,NA,NA,P+Fe,NA
FRY,2022,N41,0.73,0,0.38,N+P+Fe,1.11
FRY,2022,N42,0.74,0,0.34,N+P+Fe,1.08
FRY,2022,N43,1.15,0,0.43,N+P+Fe,1.58
FRY,2022,N44,0.96,0,0.43,N+P+Fe,1.39
FRY,2022,N45,0.48,0,0.17,N+P+Fe,0.65
FRY,2022,N46,1.05,0,0.52,N+Fe+Zn,1.57
FRY,2022,N47,1.35,0,0.62,N+Fe+Zn,1.97
FRY,2022,N48,0.82,0,0.38,N+Fe+Zn,1.2
FRY,2022,N49,0.75,0,0.37,N+Fe+Zn,1.12
FRY,2022,N50,0.93,0,0.32,N+Fe+Zn,1.25
FRY,2022,N51,0.66,0,0.23,P+Fe+Mo,0.89
FRY,2022,N52,0.91,0,0.3,P+Fe+Mo,1.21
FRY,2022,N53,0.98,0,0.35,P+Fe+Mo,1.33
FRY,2022,N54,0.53,0,0.22,P+Fe+Mo,0.75
FRY,2022,N55,0.62,0,0.26,P+Fe+Mo,0.88
FRY,2022,N56,0.57,0,0.17,P+Fe+Ni,0.74
FRY,2022,N57,0.49,0,0.17,P+Fe+Ni,0.66
FRY,2022,N58,0.78,0,0.3,P+Fe+Ni,1.08
FRY,2022,N59,1.38,0,0.44,P+Fe+Ni,1.82
FRY,2022,N60,0.63,0,0.3,P+Fe+Ni,0.93
CRO,2022,M01,NA,NA,NA,Control,NA
CRO,2022,M02,0.09,0,0.07,Control,0.16
CRO,2022,M03,0.16,0,0.06,Control,0.22
CRO,2022,M04,0.38,0,0.13,Control,0.51
CRO,2022,M05,0.19,0,0.1,Control,0.29
CRO,2022,M06,0.36,0,0.14,N,0.5
CRO,2022,M07,0.26,0,0.14,N,0.4
CRO,2022,M08,0.61,0,0.23,N,0.84
CRO,2022,M09,0.36,0,0.15,N,0.51
CRO,2022,M10,NA,NA,NA,N,NA
CRO,2022,M11,0.05,0,0.04,P,0.09
CRO,2022,M12,0.09,0,0.04,P,0.13
CRO,2022,M13,0.47,0,0.15,P,0.62
CRO,2022,M14,0.29,0,0.13,P,0.42
CRO,2022,M15,0.37,0,0.15,P,0.52
CRO,2022,M16,0.23,0,0.09,N+P,0.32
CRO,2022,M17,0.06,0,0.06,N+P,0.12
CRO,2022,M18,NA,NA,NA,N+P,NA
CRO,2022,M19,NA,NA,NA,N+P,NA
CRO,2022,M20,NA,NA,NA,N+P,NA
CRO,2022,M21,NA,NA,NA,Zn,NA
CRO,2022,M22,0.09,0,0.08,Zn,0.17
CRO,2022,M23,0.27,0,0.09,Zn,0.36
CRO,2022,M24,0.23,0,0.12,Zn,0.35
CRO,2022,M25,0.11,0,0.16,Zn,0.27
CRO,2022,M26,0.28,0,0.1,Fe,0.38
CRO,2022,M27,NA,NA,NA,Fe,NA
CRO,2022,M28,0.05,0,0.06,Fe,0.11
CRO,2022,M29,0.17,0,0.1,Fe,0.27
CRO,2022,M30,0.37,0,0.13,Fe,0.5
CRO,2022,M31,0.5,0,0.17,N+Fe,0.67
CRO,2022,M32,0.08,0,0.07,N+Fe,0.15
CRO,2022,M33,NA,NA,NA,N+Fe,NA
CRO,2022,M34,0.44,0,0.14,N+Fe,0.58
CRO,2022,M35,0.27,0,0.11,N+Fe,0.38
CRO,2022,M36,0.35,0,0.14,P+Fe,0.49
CRO,2022,M37,0.04,0,0.04,P+Fe,0.08
CRO,2022,M38,NA,NA,NA,P+Fe,NA
CRO,2022,M39,NA,NA,NA,P+Fe,NA
CRO,2022,M40,0.09,0,0.08,P+Fe,0.17
CRO,2022,M41,0.23,0,0.05,N+P+Fe,0.28
CRO,2022,M42,NA,NA,NA,N+P+Fe,NA
CRO,2022,M43,0.24,0,0.06,N+P+Fe,0.3
CRO,2022,M44,0.06,0,0.03,N+P+Fe,0.09
CRO,2022,M45,0.03,0.01,0.04,N+P+Fe,0.08
CRO,2022,M46,0.03,0,0.03,N+Fe+Zn,0.06
CRO,2022,M47,NA,NA,NA,N+Fe+Zn,NA
CRO,2022,M48,NA,NA,NA,N+Fe+Zn,NA
CRO,2022,M49,NA,NA,NA,N+Fe+Zn,NA
CRO,2022,M50,0.33,0,0.12,N+Fe+Zn,0.45
CRO,2022,M51,0.22,0,0.07,P+Fe+Mo,0.29
CRO,2022,M52,0.14,0,0.09,P+Fe+Mo,0.23
CRO,2022,M53,0.19,0,0.07,P+Fe+Mo,0.26
CRO,2022,M54,0.28,0,0.08,P+Fe+Mo,0.36
CRO,2022,M55,0.36,0,0.11,P+Fe+Mo,0.47
CRO,2022,M56,NA,NA,NA,P+Fe+Ni,NA
CRO,2022,M57,0.16,0,0.11,P+Fe+Ni,0.27
CRO,2022,M58,0.33,0,0.09,P+Fe+Ni,0.42
CRO,2022,M59,0.09,0,0.04,P+Fe+Ni,0.13
CRO,2022,M60,NA,NA,NA,P+Fe+Ni,NA
Paint,2022,U01,1.41,0,0.36,Control,1.77
Paint,2022,U02,2.25,0,0.69,Control,2.94
Paint,2022,U03,1.84,0,0.51,Control,2.35
Paint,2022,U04,2.62,0,0.86,Control,3.48
Paint,2022,U05,2.17,0,0.67,Control,2.84
Paint,2022,U06,1.38,0,0.45,N,1.83
Paint,2022,U07,1.09,0,0.36,N,1.45
Paint,2022,U08,2.06,0,0.73,N,2.79
Paint,2022,U09,2.11,0,0.75,N,2.86
Paint,2022,U10,0.62,0,0.22,N,0.84
Paint,2022,U11,2.23,0,0.62,P,2.85
Paint,2022,U12,1.15,0,0.33,P,1.48
Paint,2022,U13,1.81,0,0.52,P,2.33
Paint,2022,U14,1.7,0,0.47,P,2.17
Paint,2022,U15,2.25,0,0.69,P,2.94
Paint,2022,U16,1.53,0,0.48,N+P,2.01
Paint,2022,U17,2.21,0,0.78,N+P,2.99
Paint,2022,U18,2.39,0,1.02,N+P,3.41
Paint,2022,U19,1.21,0,0.41,N+P,1.62
Paint,2022,U20,2.29,0,0.1,N+P,2.39
Paint,2022,U21,1.54,0,0.48,Zn,2.02
Paint,2022,U22,1.73,0,0.48,Zn,2.21
Paint,2022,U23,1.78,0,0.51,Zn,2.29
Paint,2022,U24,2.85,0,0.84,Zn,3.69
Paint,2022,U25,2.8,0,0.68,Zn,3.48
Paint,2022,U26,1.58,0,0.39,Fe,1.97
Paint,2022,U27,2.31,0,0.63,Fe,2.94
Paint,2022,U28,2.08,0,0.59,Fe,2.67
Paint,2022,U29,1.53,0,0.48,Fe,2.01
Paint,2022,U30,2.31,0,0.68,Fe,2.99
Paint,2022,U31,2.08,0,0.67,N+Fe,2.75
Paint,2022,U32,2.02,0,0.69,N+Fe,2.71
Paint,2022,U33,1.65,0,0.55,N+Fe,2.2
Paint,2022,U34,2.52,0,0.95,N+Fe,3.47
Paint,2022,U35,0.71,0,0.27,N+Fe,0.98
Paint,2022,U36,3.06,0,0.9,P+Fe,3.96
Paint,2022,U37,1.77,0,0.53,P+Fe,2.3
Paint,2022,U38,2.36,0,0.74,P+Fe,3.1
Paint,2022,U39,2.5,0,0.79,P+Fe,3.29
Paint,2022,U40,1.92,0,0.62,P+Fe,2.54
Paint,2022,U41,2.05,0,0.8,N+P+Fe,2.85
Paint,2022,U42,1.4,0,0.45,N+P+Fe,1.85
Paint,2022,U43,2.34,0,0.67,N+P+Fe,3.01
Paint,2022,U44,1.41,0,0.44,N+P+Fe,1.85
Paint,2022,U45,2.75,0,1.1,N+P+Fe,3.85
Paint,2022,U46,2.35,0,0.84,N+Fe+Zn,3.19
Paint,2022,U47,1.94,0,0.68,N+Fe+Zn,2.62
Paint,2022,U48,1.95,0,0.61,N+Fe+Zn,2.56
Paint,2022,U49,1.27,0,0.45,N+Fe+Zn,1.72
Paint,2022,U50,2.48,0,0.71,N+Fe+Zn,3.19
Paint,2022,U51,1.83,0,0.46,P+Fe+Mo,2.29
Paint,2022,U52,1.95,0,0.53,P+Fe+Mo,2.48
Paint,2022,U53,2.49,0,0.77,P+Fe+Mo,3.26
Paint,2022,U54,3.24,0,0.93,P+Fe+Mo,4.17
Paint,2022,U55,2.14,0,0.48,P+Fe+Mo,2.62
Paint,2022,U56,2.39,0,0.8,P+Fe+Ni,3.19
Paint,2022,U57,2.5,0,0.82,P+Fe+Ni,3.32
Paint,2022,U58,1.29,0,0.36,P+Fe+Ni,1.65
Paint,2022,U59,2.32,0,0.69,P+Fe+Ni,3.01
Paint,2022,U60,1.77,0,0.59,P+Fe+Ni,2.36
Stony,2022,T01,0.5,0,0.23,Control,0.73
Stony,2022,T02,NA,NA,NA,Control,NA
Stony,2022,T03,NA,NA,NA,Control,NA
Stony,2022,T04,0.18,0,0.48,Control,0.66
Stony,2022,T05,0.55,0,0.23,Control,0.78
Stony,2022,T06,NA,NA,NA,N,NA
Stony,2022,T07,0.46,0,0.2,N,0.66
Stony,2022,T08,NA,NA,NA,N,NA
Stony,2022,T09,0.14,0,0.09,N,0.23
Stony,2022,T10,0.31,0,0.15,N,0.46
Stony,2022,T11,0.25,0,0.1,P,0.35
Stony,2022,T12,NA,NA,NA,P,NA
Stony,2022,T13,NA,NA,NA,P,NA
Stony,2022,T14,0.77,0,0.34,P,1.11
Stony,2022,T15,0.53,0,0.21,P,0.74
Stony,2022,T16,NA,NA,NA,N+P,NA
Stony,2022,T17,0.53,0,0.23,N+P,0.76
Stony,2022,T18,NA,NA,NA,N+P,NA
Stony,2022,T19,0.46,0,0.23,N+P,0.69
Stony,2022,T20,NA,NA,NA,N+P,NA
Stony,2022,T21,0.42,0,0.19,Zn,0.61
Stony,2022,T22,NA,NA,NA,Zn,NA
Stony,2022,T23,0.67,0,0.26,Zn,0.93
Stony,2022,T24,0.24,0,0.15,Zn,0.39
Stony,2022,T25,NA,NA,NA,Zn,NA
Stony,2022,T26,0.45,0,0.23,Fe,0.68
Stony,2022,T27,0.35,0,0.15,Fe,0.5
Stony,2022,T28,NA,NA,NA,Fe,NA
Stony,2022,T29,0.57,0,0.26,Fe,0.83
Stony,2022,T30,NA,NA,NA,Fe,NA
Stony,2022,T31,0.39,0,0.18,N+Fe,0.57
Stony,2022,T32,NA,NA,NA,N+Fe,NA
Stony,2022,T33,0.52,0,0.23,N+Fe,0.75
Stony,2022,T34,0.56,0,0.24,N+Fe,0.8
Stony,2022,T35,0.56,0,0.26,N+Fe,0.82
Stony,2022,T36,NA,NA,NA,P+Fe,NA
Stony,2022,T37,0.45,0,0.19,P+Fe,0.64
Stony,2022,T38,NA,NA,NA,P+Fe,NA
Stony,2022,T39,0.29,0,0.14,P+Fe,0.43
Stony,2022,T40,0.72,0.08,0.25,P+Fe,1.05
Stony,2022,T41,NA,NA,NA,N+P+Fe,NA
Stony,2022,T42,0.45,0,0.22,N+P+Fe,0.67
Stony,2022,T43,NA,NA,NA,N+P+Fe,NA
Stony,2022,T44,NA,NA,NA,N+P+Fe,NA
Stony,2022,T45,0.15,0,0.1,N+P+Fe,0.25
Stony,2022,T46,NA,NA,NA,N+Fe+Zn,NA
Stony,2022,T47,NA,NA,NA,N+Fe+Zn,NA
Stony,2022,T48,0.62,0,0.24,N+Fe+Zn,0.86
Stony,2022,T49,0.89,0,0.36,N+Fe+Zn,1.25
Stony,2022,T50,0.69,0,0.27,N+Fe+Zn,0.96
Stony,2022,T51,0.59,0,0.24,P+Fe+Mo,0.83
Stony,2022,T52,0.51,0,0.24,P+Fe+Mo,0.75
Stony,2022,T53,NA,NA,NA,P+Fe+Mo,NA
Stony,2022,T54,0.49,0,0.23,P+Fe+Mo,0.72
Stony,2022,T55,0.63,0,0.24,P+Fe+Mo,0.87
Stony,2022,T56,NA,NA,NA,P+Fe+Ni,NA
Stony,2022,T57,NA,NA,NA,P+Fe+Ni,NA
Stony,2022,T58,0.58,0,0.23,P+Fe+Ni,0.81
Stony,2022,T59,NA,NA,NA,P+Fe+Ni,NA
Stony,2022,T60,NA,NA,NA,P+Fe+Ni,NA
EB Au Sable,2022,S01,0.94,0.72,0.74,Control,2.4
EB Au Sable,2022,S02,0.81,0.08,0.6,Control,1.49
EB Au Sable,2022,S03,0.76,0.19,0.59,Control,1.54
EB Au Sable,2022,S04,0.74,0,0.55,Control,1.29
EB Au Sable,2022,S05,0.75,0.33,0.56,Control,1.64
EB Au Sable,2022,S06,0.95,0,0.8,N,1.75
EB Au Sable,2022,S07,1.09,0.03,1.05,N,2.17
EB Au Sable,2022,S08,1.7,0,1.83,N,3.53
EB Au Sable,2022,S09,0.98,0,0.93,N,1.91
EB Au Sable,2022,S10,1.57,0,1.29,N,2.86
EB Au Sable,2022,S11,0.78,0.28,0.83,P,1.89
EB Au Sable,2022,S12,0.68,0.22,0.59,P,1.49
EB Au Sable,2022,S13,1,0.29,0.94,P,2.23
EB Au Sable,2022,S14,0.95,0,0.99,P,1.94
EB Au Sable,2022,S15,0.82,0.23,0.79,P,1.84
EB Au Sable,2022,S16,1.15,0.15,1.06,N+P,2.36
EB Au Sable,2022,S17,1.26,0,2.04,N+P,3.3
EB Au Sable,2022,S18,1.54,0,1.65,N+P,3.19
EB Au Sable,2022,S19,2.04,0,2.06,N+P,4.1
EB Au Sable,2022,S20,0.99,0,0.87,N+P,1.86
EB Au Sable,2022,S21,0.8,0.21,0.64,Zn,1.65
EB Au Sable,2022,S22,0.78,0.1,0.74,Zn,1.62
EB Au Sable,2022,S23,0.96,0,0.58,Zn,1.54
EB Au Sable,2022,S24,0.76,0,0.53,Zn,1.29
EB Au Sable,2022,S25,1.03,0,0.74,Zn,1.77
EB Au Sable,2022,S26,0.8,0.12,0.56,Fe,1.48
EB Au Sable,2022,S27,0.78,0.05,0.74,Fe,1.57
EB Au Sable,2022,S28,0.79,0.19,0.53,Fe,1.51
EB Au Sable,2022,S29,0.62,0.06,0.76,Fe,1.44
EB Au Sable,2022,S30,0.77,0.17,0.8,Fe,1.74
EB Au Sable,2022,S31,1.17,0,1.32,N+Fe,2.49
EB Au Sable,2022,S32,1.05,0,1.4,N+Fe,2.45
EB Au Sable,2022,S33,1.15,0,1.14,N+Fe,2.29
EB Au Sable,2022,S34,1.12,0,1.13,N+Fe,2.25
EB Au Sable,2022,S35,1.18,0,1.32,N+Fe,2.5
EB Au Sable,2022,S36,0.73,0.19,0.6,P+Fe,1.52
EB Au Sable,2022,S37,0.7,0.18,0.65,P+Fe,1.53
EB Au Sable,2022,S38,0.92,0.02,0.76,P+Fe,1.7
EB Au Sable,2022,S39,0.89,0,1.06,P+Fe,1.95
EB Au Sable,2022,S40,0.76,0.18,0.78,P+Fe,1.72
EB Au Sable,2022,S41,1.62,0,1.75,N+P+Fe,3.37
EB Au Sable,2022,S42,1.85,0,1.74,N+P+Fe,3.59
EB Au Sable,2022,S43,1.93,0,2.06,N+P+Fe,3.99
EB Au Sable,2022,S44,1.47,0,1.49,N+P+Fe,2.96
EB Au Sable,2022,S45,1.59,0,1.72,N+P+Fe,3.31
EB Au Sable,2022,S46,1.34,0,1.17,N+Fe+Zn,2.51
EB Au Sable,2022,S47,1.29,0,1.15,N+Fe+Zn,2.44
EB Au Sable,2022,S48,1.74,0,1.62,N+Fe+Zn,3.36
EB Au Sable,2022,S49,1.16,0,1.15,N+Fe+Zn,2.31
EB Au Sable,2022,S50,1.3,1,1.3,N+Fe+Zn,3.6
EB Au Sable,2022,S51,0.81,0.18,0.61,P+Fe+Mo,1.6
EB Au Sable,2022,S52,0.97,0,0.74,P+Fe+Mo,1.71
EB Au Sable,2022,S53,0.88,0,0.62,P+Fe+Mo,1.5
EB Au Sable,2022,S54,0.92,0,0.68,P+Fe+Mo,1.6
EB Au Sable,2022,S55,0.94,0.22,0.69,P+Fe+Mo,1.85
EB Au Sable,2022,S56,0.82,0.1,0.68,P+Fe+Ni,1.6
EB Au Sable,2022,S57,0.71,0.03,0.65,P+Fe+Ni,1.39
EB Au Sable,2022,S58,0.69,0.22,0.65,P+Fe+Ni,1.56
EB Au Sable,2022,S59,0.79,0.18,0.7,P+Fe+Ni,1.67
EB Au Sable,2022,S60,0.91,0,0.68,P+Fe+Ni,1.59
NB Au Sable,2022,Q01,0.46,0,0.27,Control,0.73
NB Au Sable,2022,Q02,0.58,0.06,0.44,Control,1.08
NB Au Sable,2022,Q03,0.65,0.26,0.59,Control,1.5
NB Au Sable,2022,Q04,0.56,0,0.4,Control,0.96
NB Au Sable,2022,Q05,0.58,0.03,0.46,Control,1.07
NB Au Sable,2022,Q06,0.67,0.26,0.59,N,1.52
NB Au Sable,2022,Q07,0.44,0,1.23,N,1.67
NB Au Sable,2022,Q08,0.93,0,1.64,N,2.57
NB Au Sable,2022,Q09,0.65,0.18,0.78,N,1.61
NB Au Sable,2022,Q10,0.5,0.03,0.73,N,1.26
NB Au Sable,2022,Q11,0.63,0.31,0.6,P,1.54
NB Au Sable,2022,Q12,0.74,0.15,0.51,P,1.4
NB Au Sable,2022,Q13,0.63,0.19,0.53,P,1.35
NB Au Sable,2022,Q14,0.59,0.24,0.61,P,1.44
NB Au Sable,2022,Q15,0.65,0.19,0.69,P,1.53
NB Au Sable,2022,Q16,1.42,0,1.89,N+P,3.31
NB Au Sable,2022,Q17,2.15,0,2.24,N+P,4.39
NB Au Sable,2022,Q18,1.51,0.33,1.55,N+P,3.39
NB Au Sable,2022,Q19,1.88,0,2.24,N+P,4.12
NB Au Sable,2022,Q20,1.52,0,2.08,N+P,3.6
NB Au Sable,2022,Q21,0.39,0.04,0.34,Zn,0.77
NB Au Sable,2022,Q22,0.46,0.07,0.38,Zn,0.91
NB Au Sable,2022,Q23,0.53,0.07,0.42,Zn,1.02
NB Au Sable,2022,Q24,0.55,0.01,0.46,Zn,1.02
NB Au Sable,2022,Q25,0.5,0.06,0.43,Zn,0.99
NB Au Sable,2022,Q26,0.53,0.08,0.43,Fe,1.04
NB Au Sable,2022,Q27,0.43,0.05,0.34,Fe,0.82
NB Au Sable,2022,Q28,0.53,0.06,0.44,Fe,1.03
NB Au Sable,2022,Q29,0.51,0.09,0.45,Fe,1.05
NB Au Sable,2022,Q30,0.55,0.02,0.45,Fe,1.02
NB Au Sable,2022,Q31,0.87,0,2.26,N+Fe,3.13
NB Au Sable,2022,Q32,0.44,0.09,0.85,N+Fe,1.38
NB Au Sable,2022,Q33,0.65,0.02,0.81,N+Fe,1.48
NB Au Sable,2022,Q34,0.65,0.21,0.99,N+Fe,1.85
NB Au Sable,2022,Q35,0.6,0.11,0.83,N+Fe,1.54
NB Au Sable,2022,Q36,0.68,0.24,0.63,P+Fe,1.55
NB Au Sable,2022,Q37,0.87,0.08,0.66,P+Fe,1.61
NB Au Sable,2022,Q38,0.67,0.71,0.64,P+Fe,2.02
NB Au Sable,2022,Q39,0.67,0.05,0.55,P+Fe,1.27
NB Au Sable,2022,Q40,0.54,0.28,0.5,P+Fe,1.32
NB Au Sable,2022,Q41,2.08,0,1.86,N+P+Fe,3.94
NB Au Sable,2022,Q42,1.45,0,1.67,N+P+Fe,3.12
NB Au Sable,2022,Q43,1.18,0.01,1.39,N+P+Fe,2.58
NB Au Sable,2022,Q44,1.19,0,1.48,N+P+Fe,2.67
NB Au Sable,2022,Q45,1.71,0,2.16,N+P+Fe,3.87
NB Au Sable,2022,Q46,0.69,0.09,0.99,N+Fe+Zn,1.77
NB Au Sable,2022,Q47,0.71,0.13,1.48,N+Fe+Zn,2.32
NB Au Sable,2022,Q48,0.61,0.16,1.41,N+Fe+Zn,2.18
NB Au Sable,2022,Q49,0.78,0,1.6,N+Fe+Zn,2.38
NB Au Sable,2022,Q50,0.59,0,1.4,N+Fe+Zn,1.99
NB Au Sable,2022,Q51,0.65,0.38,0.58,P+Fe+Mo,1.61
NB Au Sable,2022,Q52,0.58,0.36,0.6,P+Fe+Mo,1.54
NB Au Sable,2022,Q53,0.83,0.11,0.45,P+Fe+Mo,1.39
NB Au Sable,2022,Q54,0.43,0.07,0.39,P+Fe+Mo,0.89
NB Au Sable,2022,Q55,0.71,0.18,0.62,P+Fe+Mo,1.51
NB Au Sable,2022,Q56,0.67,0.18,0.57,P+Fe+Ni,1.42
NB Au Sable,2022,Q57,0.96,0.17,0.65,P+Fe+Ni,1.78
NB Au Sable,2022,Q58,0.78,0.29,0.66,P+Fe+Ni,1.73
NB Au Sable,2022,Q59,0.7,0.27,0.57,P+Fe+Ni,1.54
NB Au Sable,2022,Q60,0.5,0.04,0.51,P+Fe+Ni,1.05
Manistee,2022,R01,1.22,0,0.4,Control,1.62
Manistee,2022,R02,1.36,0,0.54,Control,1.9
Manistee,2022,R03,1.43,0,0.47,Control,1.9
Manistee,2022,R04,1.48,0,0.36,Control,1.84
Manistee,2022,R05,1.18,0,0.52,Control,1.7
Manistee,2022,R06,1.86,0.76,0.7,N,3.32
Manistee,2022,R07,1.29,0,0.58,N,1.87
Manistee,2022,R08,1.63,0,0.71,N,2.34
Manistee,2022,R09,1.7,0,0.88,N,2.58
Manistee,2022,R10,1.43,0,0.71,N,2.14
Manistee,2022,R11,1.74,0,0.83,P,2.57
Manistee,2022,R12,1.8,0,0.8,P,2.6
Manistee,2022,R13,1.29,0,0.6,P,1.89
Manistee,2022,R14,1.64,0,0.79,P,2.43
Manistee,2022,R15,1.51,0,0.77,P,2.28
Manistee,2022,R16,1.9,0,1.26,N+P,3.16
Manistee,2022,R17,2.13,0,1.12,N+P,3.25
Manistee,2022,R18,2.54,0,1.62,N+P,4.16
Manistee,2022,R19,1.04,0,0.4,N+P,1.44
Manistee,2022,R20,2.5,0,1.55,N+P,4.05
Manistee,2022,R21,1.22,0,0.47,Zn,1.69
Manistee,2022,R22,0.84,0,0.44,Zn,1.28
Manistee,2022,R23,1.34,0,0.42,Zn,1.76
Manistee,2022,R24,1.05,0,0.51,Zn,1.56
Manistee,2022,R25,1.23,0,0.4,Zn,1.63
Manistee,2022,R26,1.11,0,0.43,Fe,1.54
Manistee,2022,R27,1.12,0,0.35,Fe,1.47
Manistee,2022,R28,1.08,0,0.04,Fe,1.12
Manistee,2022,R29,1.37,0,0.41,Fe,1.78
Manistee,2022,R30,1.11,0,0.5,Fe,1.61
Manistee,2022,R31,1.76,0,0.67,N+Fe,2.43
Manistee,2022,R32,1.62,0,0.64,N+Fe,2.26
Manistee,2022,R33,1.5,0,0.91,N+Fe,2.41
Manistee,2022,R34,1.69,0,1,N+Fe,2.69
Manistee,2022,R35,1.91,0,0.9,N+Fe,2.81
Manistee,2022,R36,1.72,0,0.84,P+Fe,2.56
Manistee,2022,R37,1.3,0,0.56,P+Fe,1.86
Manistee,2022,R38,1.52,0,0.55,P+Fe,2.07
Manistee,2022,R39,1.37,0,0.64,P+Fe,2.01
Manistee,2022,R40,1.32,0,0.49,P+Fe,1.81
Manistee,2022,R41,2.47,0,1.61,N+P+Fe,4.08
Manistee,2022,R42,2.38,0,1.9,N+P+Fe,4.28
Manistee,2022,R43,2.35,0,0.27,N+P+Fe,2.62
Manistee,2022,R44,2.75,0,2.06,N+P+Fe,4.81
Manistee,2022,R45,2.49,0,1.36,N+P+Fe,3.85
Manistee,2022,R46,1.53,0,0.84,N+Fe+Zn,2.37
Manistee,2022,R47,1.32,0,0.58,N+Fe+Zn,1.9
Manistee,2022,R48,1.52,0,0.79,N+Fe+Zn,2.31
Manistee,2022,R49,2,0,1.09,N+Fe+Zn,3.09
Manistee,2022,R50,1.82,0,0.84,N+Fe+Zn,2.66
Manistee,2022,R51,1.38,0,0.63,P+Fe+Mo,2.01
Manistee,2022,R52,1.58,0,0.88,P+Fe+Mo,2.46
Manistee,2022,R53,1.7,0,0.76,P+Fe+Mo,2.46
Manistee,2022,R54,1.55,0,0.7,P+Fe+Mo,2.25
Manistee,2022,R55,1.51,0,0.79,P+Fe+Mo,2.3
Manistee,2022,R56,1.55,0,0.59,P+Fe+Ni,2.14
Manistee,2022,R57,1.78,0,0.78,P+Fe+Ni,2.56
Manistee,2022,R58,1.47,0,0.65,P+Fe+Ni,2.12
Manistee,2022,R59,1.33,0,0.57,P+Fe+Ni,1.9
Manistee,2022,R60,1.67,0,0.8,P+Fe+Ni,2.47