Site,Year,Sample_ID,Treatment,CHLA
Beaver Dam,2021,JJ01,Control,0.412886598
Beaver Dam,2021,JJ02,Control,0.05
Beaver Dam,2021,JJ03,Control,0.516108247
Beaver Dam,2021,JJ05,Control,1.032216495
Beaver Dam,2021,JJ06,N,1.238659794
Beaver Dam,2021,JJ07,N,0.619329897
Beaver Dam,2021,JJ08,N,0.619329897
Beaver Dam,2021,JJ09,N,0.619329897
Beaver Dam,2021,JJ11,P,0.412886598
Beaver Dam,2021,JJ13,P,0.206443299
Beaver Dam,2021,JJ14,P,0.412886598
Beaver Dam,2021,JJ15,P,0.412886598
Beaver Dam,2021,JJ16,N+P,2.580541237
Beaver Dam,2021,JJ18,N+P,0.722551546
Beaver Dam,2021,JJ19,N+P,0.928994845
Beaver Dam,2021,JJ20,N+P,0.516108247
Beaver Dam,2021,JJ21,Zn,0.412886598
Beaver Dam,2021,JJ22,Zn,0.619329897
Beaver Dam,2021,JJ23,Zn,1.135438144
Beaver Dam,2021,JJ24,Zn,0.309664948
Beaver Dam,2021,JJ26,Fe,1.238659794
Beaver Dam,2021,JJ27,Fe,0.309664948
Beaver Dam,2021,JJ28,Fe,1.548324742
Beaver Dam,2021,JJ30,Fe,1.341881443
Beaver Dam,2021,JJ31,P+Fe,0.412886598
Beaver Dam,2021,JJ32,P+Fe,0.825773196
Beaver Dam,2021,JJ34,P+Fe,0.206443299
Beaver Dam,2021,JJ35,P+Fe,1.135438144
Beaver Dam,2021,JJ36,N+P+Fe,2.580541237
Beaver Dam,2021,JJ37,N+P+Fe,0.412886598
Beaver Dam,2021,JJ39,N+P+Fe,0.619329897
Beaver Dam,2021,JJ40,N+P+Fe,0.309664948
Beaver Dam,2021,JJ41,N+Fe+Zn,1.341881443
Beaver Dam,2021,JJ42,N+Fe+Zn,2.270876289
Beaver Dam,2021,JJ44,N+Fe+Zn,1.445103093
Beaver Dam,2021,JJ45,N+Fe+Zn,1.135438144
Beaver Dam,2021,JJ46,P+Fe+Mo,1.135438144
Beaver Dam,2021,JJ47,P+Fe+Mo,0.722551546
Beaver Dam,2021,JJ49,P+Fe+Mo,0.309664948
Beaver Dam,2021,JJ50,P+Fe+Mo,0.412886598
Beaver Dam,2021,JJ51,P+Fe+Ni,0.309664948
Beaver Dam,2021,JJ52,P+Fe+Ni,1.238659794
Beaver Dam,2021,JJ54,P+Fe+Ni,0.309664948
Beaver Dam,2021,JJ55,P+Fe+Ni,0.412886598
Big Garlic,2021,T01,Control,12.07693299
Big Garlic,2021,T02,Control,8.05128866
Big Garlic,2021,T04,Control,26.42474227
Big Garlic,2021,T05,Control,16.10257732
Big Garlic,2021,T06,N,19.92177835
Big Garlic,2021,T07,N,15.27680412
Big Garlic,2021,T08,N,17.34123711
Big Garlic,2021,T10,N,24.87641753
Big Garlic,2021,T11,P,18.88956186
Big Garlic,2021,T12,P,16.30902062
Big Garlic,2021,T14,P,15.79291237
Big Garlic,2021,T15,P,12.38659794
Big Garlic,2021,T16,N+P,18.88956186
Big Garlic,2021,T17,N+P,20.54110825
Big Garlic,2021,T19,N+P,21.88298969
Big Garlic,2021,T20,N+P,15.58646907
Big Garlic,2021,T21,Zn,8.980283505
Big Garlic,2021,T22,Zn,18.27023196
Big Garlic,2021,T24,Zn,17.13479381
Big Garlic,2021,T25,Zn,19.71533505
Big Garlic,2021,T27,Fe,13.62525773
Big Garlic,2021,T28,Fe,13.72847938
Big Garlic,2021,T29,Fe,10.8382732
Big Garlic,2021,T30,Fe,10.32216495
Big Garlic,2021,T31,P+Fe,15.89613402
Big Garlic,2021,T32,P+Fe,21.88298969
Big Garlic,2021,T33,P+Fe,16.82512887
Big Garlic,2021,T35,P+Fe,19.6121134
Big Garlic,2021,T36,N+P+Fe,14.03814433
Big Garlic,2021,T37,N+P+Fe,18.47667526
Big Garlic,2021,T38,N+P+Fe,19.4056701
Big Garlic,2021,T39,N+P+Fe,12.38659794
Big Garlic,2021,T41,N+Fe+Zn,15.38002577
Big Garlic,2021,T43,N+Fe+Zn,27.56018041
Big Garlic,2021,T44,N+Fe+Zn,18.88956186
Big Garlic,2021,T45,N+Fe+Zn,12.48981959
Big Garlic,2021,T46,P+Fe+Mo,10.32216495
Big Garlic,2021,T47,P+Fe+Mo,20.8507732
Big Garlic,2021,T48,P+Fe+Mo,20.6443299
Big Garlic,2021,T50,P+Fe+Mo,10.4253866
Big Garlic,2021,T52,P+Fe+Ni,29.8310567
Big Garlic,2021,T53,P+Fe+Ni,12.79948454
Big Garlic,2021,T54,P+Fe+Ni,20.12822165
Big Garlic,2021,T55,P+Fe+Ni,18.68311856
Big Pup,2021,R01,Control,11.14793814
Big Pup,2021,R03,Control,10.4253866
Big Pup,2021,R04,Control,11.66404639
Big Pup,2021,R05,Control,9.289948454
Big Pup,2021,R06,N,10.4253866
Big Pup,2021,R07,N,12.18015464
Big Pup,2021,R08,N,11.45760309
Big Pup,2021,R09,N,12.07693299
Big Pup,2021,R11,P,10.0125
Big Pup,2021,R13,P,10.8382732
Big Pup,2021,R14,P,8.670618557
Big Pup,2021,R15,P,10.52860825
Big Pup,2021,R17,N+P,9.599613402
Big Pup,2021,R18,N+P,11.97371134
Big Pup,2021,R19,N+P,12.28337629
Big Pup,2021,R20,N+P,18.16701031
Big Pup,2021,R21,Zn,11.66404639
Big Pup,2021,R23,Zn,12.18015464
Big Pup,2021,R24,Zn,11.25115979
Big Pup,2021,R25,Zn,11.87048969
Big Pup,2021,R27,Fe,10.8382732
Big Pup,2021,R28,Fe,11.97371134
Big Pup,2021,R29,Fe,10.6318299
Big Pup,2021,R30,Fe,7.94806701
Big Pup,2021,R31,P+Fe,9.702835052
Big Pup,2021,R33,P+Fe,11.87048969
Big Pup,2021,R34,P+Fe,12.28337629
Big Pup,2021,R35,P+Fe,9.289948454
Big Pup,2021,R36,N+P+Fe,13.21237113
Big Pup,2021,R37,N+P+Fe,13.41881443
Big Pup,2021,R38,N+P+Fe,8.877061856
Big Pup,2021,R39,N+P+Fe,22.70876289
Big Pup,2021,R41,N+Fe+Zn,12.48981959
Big Pup,2021,R42,N+Fe+Zn,14.34780928
Big Pup,2021,R44,N+Fe+Zn,10.6318299
Big Pup,2021,R45,N+Fe+Zn,11.66404639
Big Pup,2021,R46,P+Fe+Mo,11.97371134
Big Pup,2021,R48,P+Fe+Mo,11.04471649
Big Pup,2021,R50,P+Fe+Mo,15.17358247
Big Pup,2021,R51,P+Fe+Ni,11.97371134
Big Pup,2021,R52,P+Fe+Ni,11.97371134
Big Pup,2021,R54,P+Fe+Ni,NA
Big Pup,2021,R55,P+Fe+Ni,12.48981959
Cedar,2021,M01,Control,15.17358247
Cedar,2021,M02,Control,17.23801546
Cedar,2021,M03,Control,16.10257732
Cedar,2021,M05,Control,14.86391753
Cedar,2021,M06,N,15.48324742
Cedar,2021,M07,N,15.89613402
Cedar,2021,M08,N,17.75412371
Cedar,2021,M09,N,23.94742268
Cedar,2021,M11,P,7.328737113
Cedar,2021,M12,P,15.79291237
Cedar,2021,M14,P,23.43131443
Cedar,2021,M15,P,15.17358247
Cedar,2021,M17,N+P,19.6121134
Cedar,2021,M18,N+P,16.20579897
Cedar,2021,M19,N+P,19.1992268
Cedar,2021,M20,N+P,16.51546392
Cedar,2021,M21,Zn,15.58646907
Cedar,2021,M23,Zn,19.1992268
Cedar,2021,M24,Zn,24.46353093
Cedar,2021,M25,Zn,14.76069588
Cedar,2021,M27,Fe,20.025
Cedar,2021,M30,Fe,19.8185567
Cedar,2021,M31,P+Fe,18.78634021
Cedar,2021,M32,P+Fe,15.89613402
Cedar,2021,M33,P+Fe,15.79291237
Cedar,2021,M35,P+Fe,18.16701031
Cedar,2021,M36,N+P+Fe,20.74755155
Cedar,2021,M37,N+P+Fe,22.19265464
Cedar,2021,M38,N+P+Fe,17.03157216
Cedar,2021,M40,N+P+Fe,12.69626289
Cedar,2021,M42,N+Fe+Zn,16.82512887
Cedar,2021,M43,N+Fe+Zn,16.30902062
Cedar,2021,M44,N+Fe+Zn,13.62525773
Cedar,2021,M45,N+Fe+Zn,14.55425258
Cedar,2021,M46,P+Fe+Mo,19.09600515
Cedar,2021,M47,P+Fe+Mo,13.41881443
Cedar,2021,M48,P+Fe+Mo,16.10257732
Cedar,2021,M49,P+Fe+Mo,23.22487113
Cedar,2021,M51,P+Fe+Ni,17.03157216
Cedar,2021,M52,P+Fe+Ni,17.75412371
Cedar,2021,M53,P+Fe+Ni,16.30902062
Cedar,2021,M55,P+Fe+Ni,13.31559278
Cemetary,2021,HH01,Control,2.683762887
Cemetary,2021,HH02,Control,1.754768041
Cemetary,2021,HH03,Control,2.167654639
Cemetary,2021,HH05,Control,3.406314433
Cemetary,2021,HH07,Control,3.199871134
Cemetary,2021,HH08,Control,2.993427835
Cemetary,2021,HH11,N,9.496391753
Cemetary,2021,HH13,N,7.638402062
Cemetary,2021,HH14,N,11.56082474
Cemetary,2021,HH15,N,4.541752577
Cemetary,2021,HH16,N,6.915850515
Cemetary,2021,HH19,P,4.335309278
Cemetary,2021,HH21,P,3.199871134
Cemetary,2021,HH22,P,2.993427835
Cemetary,2021,HH23,P,3.612757732
Cemetary,2021,HH24,P,3.406314433
Cemetary,2021,HH25,N+P,11.04471649
Cemetary,2021,HH26,N+P,11.76726804
Cemetary,2021,HH27,N+P,7.225515464
Cemetary,2021,HH28,N+P,17.54768041
Cemetary,2021,HH31,N+P,0.206443299
Cemetary,2021,HH33,Zn,2.786984536
Cemetary,2021,HH35,Zn,3.612757732
Cemetary,2021,HH37,Zn,1.548324742
Cemetary,2021,HH38,Zn,3.303092784
Cemetary,2021,HH39,Zn,3.92242268
Cemetary,2021,HH41,Fe,3.199871134
Cemetary,2021,HH42,Fe,2.683762887
Cemetary,2021,HH44,Fe,4.954639175
Cemetary,2021,HH48,Fe,3.406314433
Cemetary,2021,HH52,P+Fe,3.92242268
Cemetary,2021,HH53,P+Fe,3.819201031
Cemetary,2021,HH54,P+Fe,3.199871134
Cemetary,2021,HH56,P+Fe,2.167654639
Cemetary,2021,HH58,N+P+Fe,10.2189433
Cemetary,2021,HH59,N+P+Fe,12.79948454
Cemetary,2021,HH61,N+P+Fe,11.04471649
Cemetary,2021,HH62,N+P+Fe,16.82512887
Cemetary,2021,HH64,N+P+Fe,14.34780928
Cemetary,2021,HH65,N+Fe+Zn,7.638402062
Cemetary,2021,HH66,N+Fe+Zn,8.257731959
Cemetary,2021,HH67,N+Fe+Zn,12.07693299
Cemetary,2021,HH68,N+Fe+Zn,8.05128866
Cemetary,2021,HH71,N+Fe+Zn,1.754768041
Cemetary,2021,HH73,P+Fe+Mo,3.096649485
Cemetary,2021,HH74,P+Fe+Mo,4.335309278
Cemetary,2021,HH76,P+Fe+Mo,4.851417526
Cemetary,2021,HH77,P+Fe+Mo,1.548324742
Cemetary,2021,HH79,P+Fe+Mo,4.02564433
Cemetary,2021,HH82,P+Fe+Ni,2.993427835
Cemetary,2021,HH83,P+Fe+Ni,1.445103093
Cemetary,2021,HH84,P+Fe+Ni,3.715979381
Cemetary,2021,HH86,P+Fe+Ni,4.644974227
Cemetary,2021,HH88,P+Fe+Ni,5.367525773
Central,2021,Z02,Control,0.722551546
Central,2021,Z03,Control,0.722551546
Central,2021,Z04,Control,1.135438144
Central,2021,Z05,Control,1.135438144
Central,2021,Z06,N,7.328737113
Central,2021,Z07,N,7.122293814
Central,2021,Z08,N,8.567396907
Central,2021,Z09,N,7.225515464
Central,2021,Z11,P,1.96121134
Central,2021,Z12,P,1.238659794
Central,2021,Z13,P,1.445103093
Central,2021,Z15,P,2.786984536
Central,2021,Z16,N+P,15.89613402
Central,2021,Z17,N+P,5.367525773
Central,2021,Z19,N+P,20.6443299
Central,2021,Z20,N+P,29.4181701
Central,2021,Z22,Zn,1.341881443
Central,2021,Z23,Zn,1.96121134
Central,2021,Z24,Zn,0.103221649
Central,2021,Z25,Zn,1.96121134
Central,2021,Z27,Fe,0.309664948
Central,2021,Z28,Fe,1.754768041
Central,2021,Z29,Fe,4.438530928
Central,2021,Z30,Fe,4.128865979
Central,2021,Z31,P+Fe,1.96121134
Central,2021,Z33,P+Fe,1.651546392
Central,2021,Z34,P+Fe,2.683762887
Central,2021,Z35,P+Fe,0.825773196
Central,2021,Z36,N+P+Fe,32.20515464
Central,2021,Z37,N+P+Fe,9.083505155
Central,2021,Z38,N+P+Fe,23.94742268
Central,2021,Z39,N+P+Fe,16.61868557
Central,2021,Z41,N+Fe+Zn,11.04471649
Central,2021,Z42,N+Fe+Zn,14.14136598
Central,2021,Z43,N+Fe+Zn,7.328737113
Central,2021,Z45,N+Fe+Zn,7.225515464
Central,2021,Z46,P+Fe+Mo,2.374097938
Central,2021,Z47,P+Fe+Mo,1.548324742
Central,2021,Z49,P+Fe+Mo,0.722551546
Central,2021,Z50,P+Fe+Mo,1.754768041
Central,2021,Z52,P+Fe+Ni,2.786984536
Central,2021,Z53,P+Fe+Ni,2.270876289
Central,2021,Z54,P+Fe+Ni,2.786984536
Central,2021,Z55,P+Fe+Ni,0.619329897
Chagrin,2021,GG02,Control,3.096649485
Chagrin,2021,GG03,Control,2.890206186
Chagrin,2021,GG04,Control,2.270876289
Chagrin,2021,GG07,Control,2.890206186
Chagrin,2021,GG08,Control,2.477319588
Chagrin,2021,GG09,N,17.75412371
Chagrin,2021,GG10,N,18.78634021
Chagrin,2021,GG11,N,16.72190722
Chagrin,2021,GG12,N,15.79291237
Chagrin,2021,GG13,N,14.55425258
Chagrin,2021,GG17,P,13.41881443
Chagrin,2021,GG19,P,3.096649485
Chagrin,2021,GG20,P,2.580541237
Chagrin,2021,GG21,P,3.096649485
Chagrin,2021,GG22,P,10.32216495
Chagrin,2021,GG24,P,2.167654639
Chagrin,2021,GG26,N+P,55.12036082
Chagrin,2021,GG29,N+P,30.76005155
Chagrin,2021,GG30,N+P,33.95992268
Chagrin,2021,GG31,N+P,53.67525773
Chagrin,2021,GG34,Zn,2.993427835
Chagrin,2021,GG35,Zn,2.683762887
Chagrin,2021,GG37,Zn,2.580541237
Chagrin,2021,GG39,Zn,2.477319588
Chagrin,2021,GG40,Zn,2.477319588
Chagrin,2021,GG41,Fe,4.02564433
Chagrin,2021,GG43,Fe,NA
Chagrin,2021,GG44,Fe,2.993427835
Chagrin,2021,GG47,Fe,3.199871134
Chagrin,2021,GG48,Fe,2.890206186
Chagrin,2021,GG50,P+Fe,3.406314433
Chagrin,2021,GG54,P+Fe,2.786984536
Chagrin,2021,GG55,P+Fe,2.786984536
Chagrin,2021,GG56,P+Fe,2.890206186
Chagrin,2021,GG57,N+P+Fe,45.31430412
Chagrin,2021,GG58,N+P+Fe,30.76005155
Chagrin,2021,GG59,N+P+Fe,38.60489691
Chagrin,2021,GG63,N+P+Fe,NA
Chagrin,2021,GG64,N+P+Fe,NA
Chagrin,2021,GG67,N+Fe+Zn,37.88234536
Chagrin,2021,GG68,N+Fe+Zn,17.34123711
Chagrin,2021,GG69,N+Fe+Zn,24.66997423
Chagrin,2021,GG72,N+Fe+Zn,0.103221649
Chagrin,2021,GG73,P+Fe+Mo,2.993427835
Chagrin,2021,GG74,P+Fe+Mo,4.02564433
Chagrin,2021,GG77,P+Fe+Mo,3.406314433
Chagrin,2021,GG78,P+Fe+Mo,NA
Chagrin,2021,GG80,P+Fe+Mo,3.096649485
Chagrin,2021,GG83,P+Fe+Ni,2.993427835
Chagrin,2021,GG84,P+Fe+Ni,NA
Chagrin,2021,GG85,P+Fe+Ni,3.303092784
Chagrin,2021,GG86,P+Fe+Ni,2.683762887
Chagrin,2021,GG87,P+Fe+Ni,3.096649485
Clark,2021,S01,Control,10.52860825
Clark,2021,S03,Control,9.806056701
Clark,2021,S04,Control,13.00592784
Clark,2021,S05,Control,4.748195876
Clark,2021,S06,N,8.257731959
Clark,2021,S08,N,7.535180412
Clark,2021,S09,N,16.20579897
Clark,2021,S10,N,16.51546392
Clark,2021,S11,P,8.567396907
Clark,2021,S13,P,7.431958763
Clark,2021,S15,P,5.264304124
Clark,2021,S16,N+P,20.6443299
Clark,2021,S17,N+P,14.45103093
Clark,2021,S19,N+P,12.38659794
Clark,2021,S20,N+P,18.37345361
Clark,2021,S21,Zn,8.567396907
Clark,2021,S22,Zn,7.741623711
Clark,2021,S24,Zn,6.915850515
Clark,2021,S26,Fe,6.193298969
Clark,2021,S27,Fe,10.73505155
Clark,2021,S28,Fe,9.496391753
Clark,2021,S29,Fe,9.083505155
Clark,2021,S31,P+Fe,6.502963918
Clark,2021,S32,P+Fe,10.32216495
Clark,2021,S33,P+Fe,12.28337629
Clark,2021,S35,P+Fe,6.709407216
Clark,2021,S36,N+P+Fe,11.04471649
Clark,2021,S37,N+P+Fe,11.97371134
Clark,2021,S39,N+P+Fe,14.55425258
Clark,2021,S40,N+P+Fe,9.702835052
Clark,2021,S41,N+Fe+Zn,10.8382732
Clark,2021,S43,N+Fe+Zn,12.59304124
Clark,2021,S44,N+Fe+Zn,15.58646907
Clark,2021,S46,P+Fe+Mo,7.94806701
Clark,2021,S47,P+Fe+Mo,7.844845361
Clark,2021,S48,P+Fe+Mo,9.806056701
Clark,2021,S50,P+Fe+Mo,5.470747423
Clark,2021,S51,P+Fe+Ni,9.393170103
Clark,2021,S52,P+Fe+Ni,6.502963918
Clark,2021,S53,P+Fe+Ni,10.0125
Clark,2021,S55,P+Fe+Ni,13.52203608
Cliff,2021,W01,Control,6.502963918
Cliff,2021,W02,Control,7.328737113
Cliff,2021,W03,Control,8.567396907
Cliff,2021,W04,Control,8.360953608
Cliff,2021,W06,N,13.41881443
Cliff,2021,W07,N,23.94742268
Cliff,2021,W09,N,NA
Cliff,2021,W10,N,11.04471649
Cliff,2021,W11,P,9.186726804
Cliff,2021,W12,P,18.78634021
Cliff,2021,W13,P,9.083505155
Cliff,2021,W14,P,6.812628866
Cliff,2021,W16,N+P,17.75412371
Cliff,2021,W17,N+P,24.46353093
Cliff,2021,W18,N+P,25.59896907
Cliff,2021,W19,N+P,9.702835052
Cliff,2021,W21,Zn,8.257731959
Cliff,2021,W22,Zn,9.496391753
Cliff,2021,W23,Zn,15.07036082
Cliff,2021,W24,Zn,10.32216495
Cliff,2021,W26,Fe,13.93492268
Cliff,2021,W27,Fe,15.17358247
Cliff,2021,W28,Fe,18.06378866
Cliff,2021,W30,Fe,15.27680412
Cliff,2021,W31,P+Fe,14.55425258
Cliff,2021,W32,P+Fe,14.45103093
Cliff,2021,W33,P+Fe,11.45760309
Cliff,2021,W35,P+Fe,12.38659794
Cliff,2021,W37,N+P+Fe,31.48260309
Cliff,2021,W38,N+P+Fe,19.4056701
Cliff,2021,W39,N+P+Fe,31.17293814
Cliff,2021,W40,N+P+Fe,22.91520619
Cliff,2021,W41,N+Fe+Zn,20.54110825
Cliff,2021,W42,N+Fe+Zn,16.10257732
Cliff,2021,W43,N+Fe+Zn,18.16701031
Cliff,2021,W44,N+Fe+Zn,21.05721649
Cliff,2021,W46,P+Fe+Mo,13.31559278
Cliff,2021,W47,P+Fe+Mo,15.17358247
Cliff,2021,W48,P+Fe+Mo,12.69626289
Cliff,2021,W49,P+Fe+Mo,14.55425258
Cliff,2021,W51,P+Fe+Ni,11.45760309
Cliff,2021,W52,P+Fe+Ni,10.0125
Cliff,2021,W53,P+Fe+Ni,14.34780928
Cliff,2021,W54,P+Fe+Ni,10.8382732
Crouch,2021,KK01,Control,0.103221649
Crouch,2021,KK03,Control,0.309664948
Crouch,2021,KK04,Control,0.103221649
Crouch,2021,KK05,Control,0.103221649
Crouch,2021,KK06,N,0.05
Crouch,2021,KK07,N,0.206443299
Crouch,2021,KK08,N,0.206443299
Crouch,2021,KK10,N,0.103221649
Crouch,2021,KK12,P,0.516108247
Crouch,2021,KK13,P,0.516108247
Crouch,2021,KK14,P,0.309664948
Crouch,2021,KK15,P,NA
Crouch,2021,KK16,N+P,0.103221649
Crouch,2021,KK18,N+P,0.206443299
Crouch,2021,KK19,N+P,0.05
Crouch,2021,KK20,N+P,0.05
Crouch,2021,KK21,Zn,0.412886598
Crouch,2021,KK22,Zn,0.206443299
Crouch,2021,KK23,Zn,0.309664948
Crouch,2021,KK24,Zn,0.05
Crouch,2021,KK26,Fe,0.103221649
Crouch,2021,KK27,Fe,0.103221649
Crouch,2021,KK28,Fe,0.516108247
Crouch,2021,KK29,Fe,0.206443299
Crouch,2021,KK31,P+Fe,0.05
Crouch,2021,KK33,P+Fe,0.05
Crouch,2021,KK34,P+Fe,0.206443299
Crouch,2021,KK35,P+Fe,0.206443299
Crouch,2021,KK36,N+P+Fe,0.103221649
Crouch,2021,KK37,N+P+Fe,0.516108247
Crouch,2021,KK38,N+P+Fe,0.103221649
Crouch,2021,KK39,N+P+Fe,0.516108247
Crouch,2021,KK41,N+Fe+Zn,0.412886598
Crouch,2021,KK42,N+Fe+Zn,0.05
Crouch,2021,KK43,N+Fe+Zn,0.05
Crouch,2021,KK44,N+Fe+Zn,0.309664948
Crouch,2021,KK46,P+Fe+Mo,0.206443299
Crouch,2021,KK47,P+Fe+Mo,0.206443299
Crouch,2021,KK49,P+Fe+Mo,0.309664948
Crouch,2021,KK50,P+Fe+Mo,0.206443299
Crouch,2021,KK52,P+Fe+Ni,0.05
Crouch,2021,KK53,P+Fe+Ni,0.206443299
Crouch,2021,KK54,P+Fe+Ni,0.206443299
Crouch,2021,KK55,P+Fe+Ni,0.103221649
Elm,2021,L01,Control,0.516108247
Elm,2021,L03,Control,2.683762887
Elm,2021,L04,Control,2.167654639
Elm,2021,L05,Control,3.715979381
Elm,2021,L06,N,6.296520619
Elm,2021,L07,N,7.328737113
Elm,2021,L09,N,5.264304124
Elm,2021,L10,N,3.303092784
Elm,2021,L11,P,1.238659794
Elm,2021,L13,P,1.341881443
Elm,2021,L14,P,1.445103093
Elm,2021,L15,P,2.374097938
Elm,2021,L16,N+P,9.702835052
Elm,2021,L17,N+P,7.328737113
Elm,2021,L18,N+P,8.567396907
Elm,2021,L19,N+P,6.296520619
Elm,2021,L21,Zn,2.683762887
Elm,2021,L23,Zn,1.754768041
Elm,2021,L24,Zn,4.02564433
Elm,2021,L25,Zn,1.548324742
Elm,2021,L26,Fe,2.890206186
Elm,2021,L27,Fe,2.786984536
Elm,2021,L28,Fe,3.715979381
Elm,2021,L30,Fe,4.541752577
Elm,2021,L32,P+Fe,2.374097938
Elm,2021,L33,P+Fe,5.264304124
Elm,2021,L34,P+Fe,3.509536082
Elm,2021,L35,P+Fe,4.128865979
Elm,2021,L36,N+P+Fe,7.431958763
Elm,2021,L37,N+P+Fe,2.270876289
Elm,2021,L38,N+P+Fe,3.612757732
Elm,2021,L39,N+P+Fe,1.032216495
Elm,2021,L41,N+Fe+Zn,2.890206186
Elm,2021,L43,N+Fe+Zn,7.638402062
Elm,2021,L44,N+Fe+Zn,7.122293814
Elm,2021,L45,N+Fe+Zn,2.06443299
Elm,2021,L47,P+Fe+Mo,3.096649485
Elm,2021,L48,P+Fe+Mo,2.580541237
Elm,2021,L49,P+Fe+Mo,3.715979381
Elm,2021,L50,P+Fe+Mo,5.470747423
Elm,2021,L51,P+Fe+Ni,2.374097938
Elm,2021,L52,P+Fe+Ni,2.477319588
Elm,2021,L53,P+Fe+Ni,4.644974227
Elm,2021,L54,P+Fe+Ni,3.509536082
Gratiot,2021,Y01,Control,5.161082474
Gratiot,2021,Y02,Control,5.883634021
Gratiot,2021,Y03,Control,4.541752577
Gratiot,2021,Y05,Control,4.438530928
Gratiot,2021,Y06,N,18.68311856
Gratiot,2021,Y07,N,26.94085052
Gratiot,2021,Y09,N,27.97306701
Gratiot,2021,Y10,N,33.95992268
Gratiot,2021,Y11,P,11.25115979
Gratiot,2021,Y13,P,5.573969072
Gratiot,2021,Y14,P,9.909278351
Gratiot,2021,Y15,P,7.844845361
Gratiot,2021,Y17,N+P,28.38595361
Gratiot,2021,Y18,N+P,40.2564433
Gratiot,2021,Y19,N+P,40.15322165
Gratiot,2021,Y20,N+P,19.30244845
Gratiot,2021,Y22,Zn,6.193298969
Gratiot,2021,Y23,Zn,8.257731959
Gratiot,2021,Y24,Zn,4.438530928
Gratiot,2021,Y25,Zn,2.993427835
Gratiot,2021,Y26,Fe,11.66404639
Gratiot,2021,Y27,Fe,21.26365979
Gratiot,2021,Y28,Fe,6.709407216
Gratiot,2021,Y29,Fe,2.890206186
Gratiot,2021,Y31,P+Fe,7.019072165
Gratiot,2021,Y32,P+Fe,21.98621134
Gratiot,2021,Y33,P+Fe,7.431958763
Gratiot,2021,Y34,P+Fe,5.367525773
Gratiot,2021,Y36,N+P+Fe,26.63118557
Gratiot,2021,Y37,N+P+Fe,11.66404639
Gratiot,2021,Y39,N+P+Fe,29.31494845
Gratiot,2021,Y40,N+P+Fe,36.54046392
Gratiot,2021,Y41,N+Fe+Zn,2.786984536
Gratiot,2021,Y42,N+Fe+Zn,20.95399485
Gratiot,2021,Y43,N+Fe+Zn,21.16043814
Gratiot,2021,Y44,N+Fe+Zn,26.83762887
Gratiot,2021,Y47,P+Fe+Mo,3.612757732
Gratiot,2021,Y48,P+Fe+Mo,8.360953608
Gratiot,2021,Y49,P+Fe+Mo,9.496391753
Gratiot,2021,Y50,P+Fe+Mo,6.812628866
Gratiot,2021,Y51,P+Fe+Ni,6.709407216
Gratiot,2021,Y52,P+Fe+Ni,14.76069588
Gratiot,2021,Y53,P+Fe+Ni,9.393170103
Gratiot,2021,Y54,P+Fe+Ni,6.502963918
Hills,2021,AA01,Control,4.335309278
Hills,2021,AA03,Control,2.683762887
Hills,2021,AA04,Control,5.057860825
Hills,2021,AA05,Control,4.644974227
Hills,2021,AA06,N,9.599613402
Hills,2021,AA07,N,13.72847938
Hills,2021,AA09,N,20.54110825
Hills,2021,AA10,N,16.41224227
Hills,2021,AA11,P,4.748195876
Hills,2021,AA12,P,5.057860825
Hills,2021,AA13,P,5.883634021
Hills,2021,AA15,P,3.406314433
Hills,2021,AA16,N+P,10.52860825
Hills,2021,AA18,N+P,20.12822165
Hills,2021,AA19,N+P,15.99935567
Hills,2021,AA20,N+P,14.86391753
Hills,2021,AA23,Zn,4.748195876
Hills,2021,AA24,Zn,4.954639175
Hills,2021,AA25,Zn,5.677190722
Hills,2021,AA26,Fe,7.741623711
Hills,2021,AA27,Fe,10.0125
Hills,2021,AA29,Fe,5.780412371
Hills,2021,AA30,Fe,6.193298969
Hills,2021,AA31,P+Fe,4.644974227
Hills,2021,AA32,P+Fe,8.05128866
Hills,2021,AA33,P+Fe,4.541752577
Hills,2021,AA35,P+Fe,3.199871134
Hills,2021,AA37,N+P+Fe,9.702835052
Hills,2021,AA38,N+P+Fe,17.75412371
Hills,2021,AA39,N+P+Fe,17.75412371
Hills,2021,AA40,N+P+Fe,13.21237113
Hills,2021,AA42,N+Fe+Zn,13.52203608
Hills,2021,AA43,N+Fe+Zn,14.55425258
Hills,2021,AA44,N+Fe+Zn,27.25051546
Hills,2021,AA46,P+Fe+Mo,5.573969072
Hills,2021,AA47,P+Fe+Mo,8.257731959
Hills,2021,AA48,P+Fe+Mo,3.509536082
Hills,2021,AA50,P+Fe+Mo,6.915850515
Hills,2021,AA51,P+Fe+Ni,5.161082474
Hills,2021,AA52,P+Fe+Ni,4.02564433
Hills,2021,AA53,P+Fe+Ni,3.819201031
Hills,2021,AA54,P+Fe+Ni,4.438530928
Lost,2021,P01,Control,11.35438144
Lost,2021,P02,Control,7.94806701
Lost,2021,P03,Control,9.702835052
Lost,2021,P04,Control,11.35438144
Lost,2021,P06,N,15.27680412
Lost,2021,P08,N,12.48981959
Lost,2021,P10,N,15.79291237
Lost,2021,P11,P,9.083505155
Lost,2021,P12,P,8.877061856
Lost,2021,P13,P,7.122293814
Lost,2021,P15,P,8.877061856
Lost,2021,P16,N+P,11.76726804
Lost,2021,P17,N+P,17.23801546
Lost,2021,P18,N+P,9.702835052
Lost,2021,P19,N+P,20.6443299
Lost,2021,P21,Zn,12.38659794
Lost,2021,P22,Zn,8.154510309
Lost,2021,P23,Zn,7.638402062
Lost,2021,P24,Zn,6.09007732
Lost,2021,P26,Fe,8.877061856
Lost,2021,P27,Fe,15.17358247
Lost,2021,P29,Fe,11.56082474
Lost,2021,P30,Fe,11.56082474
Lost,2021,P31,P+Fe,10.94149485
Lost,2021,P32,P+Fe,11.14793814
Lost,2021,P33,P+Fe,13.41881443
Lost,2021,P34,P+Fe,16.20579897
Lost,2021,P36,N+P+Fe,8.670618557
Lost,2021,P38,N+P+Fe,8.257731959
Lost,2021,P39,N+P+Fe,8.567396907
Lost,2021,P40,N+P+Fe,13.21237113
Lost,2021,P42,N+Fe+Zn,5.98685567
Lost,2021,P43,N+Fe+Zn,11.66404639
Lost,2021,P44,N+Fe+Zn,11.25115979
Lost,2021,P45,N+Fe+Zn,15.38002577
Lost,2021,P46,P+Fe+Mo,9.186726804
Lost,2021,P47,P+Fe+Mo,11.66404639
Lost,2021,P48,P+Fe+Mo,11.35438144
Lost,2021,P50,P+Fe+Mo,7.019072165
Lost,2021,P51,P+Fe+Ni,15.07036082
Lost,2021,P52,P+Fe+Ni,6.193298969
Lost,2021,P53,P+Fe+Ni,18.68311856
Lost,2021,P54,P+Fe+Ni,9.599613402
McQueen,2021,MM01,Control,0.05
McQueen,2021,MM02,Control,0.206443299
McQueen,2021,MM03,Control,0.05
McQueen,2021,MM04,Control,2.06443299
McQueen,2021,MM06,N,2.683762887
McQueen,2021,MM07,N,0.05
McQueen,2021,MM09,N,0.05
McQueen,2021,MM10,N,0.05
McQueen,2021,MM11,P,1.445103093
McQueen,2021,MM12,P,0.722551546
McQueen,2021,MM13,P,0.412886598
McQueen,2021,MM14,P,1.445103093
McQueen,2021,MM16,N+P,1.341881443
McQueen,2021,MM17,N+P,1.032216495
McQueen,2021,MM18,N+P,0.928994845
McQueen,2021,MM20,N+P,0.05
McQueen,2021,MM21,Zn,2.374097938
McQueen,2021,MM22,Zn,0.05
McQueen,2021,MM23,Zn,0.516108247
McQueen,2021,MM24,Zn,0.05
McQueen,2021,MM26,Fe,0.722551546
McQueen,2021,MM27,Fe,1.135438144
McQueen,2021,MM28,Fe,0.05
McQueen,2021,MM30,Fe,0.05
McQueen,2021,MM31,P+Fe,0.05
McQueen,2021,MM33,P+Fe,0.825773196
McQueen,2021,MM34,P+Fe,0.05
McQueen,2021,MM35,P+Fe,0.05
McQueen,2021,MM36,N+P+Fe,0.722551546
McQueen,2021,MM38,N+P+Fe,0.05
McQueen,2021,MM39,N+P+Fe,1.548324742
McQueen,2021,MM40,N+P+Fe,3.199871134
McQueen,2021,MM41,N+Fe+Zn,0.05
McQueen,2021,MM42,N+Fe+Zn,1.754768041
McQueen,2021,MM44,N+Fe+Zn,2.993427835
McQueen,2021,MM45,N+Fe+Zn,0.05
McQueen,2021,MM46,P+Fe+Mo,1.341881443
McQueen,2021,MM47,P+Fe+Mo,0.05
McQueen,2021,MM49,P+Fe+Mo,0.825773196
McQueen,2021,MM50,P+Fe+Mo,0.05
McQueen,2021,MM51,P+Fe+Ni,0.05
McQueen,2021,MM52,P+Fe+Ni,2.374097938
McQueen,2021,MM54,P+Fe+Ni,0.05
McQueen,2021,MM55,P+Fe+Ni,0.05
Mountain,2021,O02,Control,NA
Mountain,2021,O03,Control,8.567396907
Mountain,2021,O04,Control,12.48981959
Mountain,2021,O05,Control,6.502963918
Mountain,2021,O07,N,13.62525773
Mountain,2021,O08,N,18.99278351
Mountain,2021,O09,N,16.82512887
Mountain,2021,O10,N,19.6121134
Mountain,2021,O11,P,8.257731959
Mountain,2021,O13,P,10.32216495
Mountain,2021,O14,P,14.65747423
Mountain,2021,O15,P,8.980283505
Mountain,2021,O16,N+P,13.62525773
Mountain,2021,O18,N+P,10.52860825
Mountain,2021,O19,N+P,14.45103093
Mountain,2021,O20,N+P,17.44445876
Mountain,2021,O22,Zn,16.51546392
Mountain,2021,O23,Zn,23.12164948
Mountain,2021,O24,Zn,14.14136598
Mountain,2021,O25,Zn,8.257731959
Mountain,2021,O28,Fe,NA
Mountain,2021,O29,Fe,10.94149485
Mountain,2021,O30,Fe,13.83170103
Mountain,2021,O31,P+Fe,25.90863402
Mountain,2021,O33,P+Fe,17.13479381
Mountain,2021,O34,P+Fe,7.431958763
Mountain,2021,O35,P+Fe,8.670618557
Mountain,2021,O37,N+P+Fe,13.41881443
Mountain,2021,O38,N+P+Fe,21.47010309
Mountain,2021,O39,N+P+Fe,14.65747423
Mountain,2021,O40,N+P+Fe,16.82512887
Mountain,2021,O42,N+Fe+Zn,14.24458763
Mountain,2021,O43,N+Fe+Zn,19.09600515
Mountain,2021,O44,N+Fe+Zn,18.68311856
Mountain,2021,O45,N+Fe+Zn,13.21237113
Mountain,2021,O46,P+Fe+Mo,6.193298969
Mountain,2021,O47,P+Fe+Mo,12.59304124
Mountain,2021,O49,P+Fe+Mo,6.296520619
Mountain,2021,O50,P+Fe+Mo,4.748195876
Mountain,2021,O51,P+Fe+Ni,8.670618557
Mountain,2021,O53,P+Fe+Ni,10.52860825
Mountain,2021,O54,P+Fe+Ni,13.41881443
Mountain,2021,O55,P+Fe+Ni,9.909278351
Pilgrim,2021,BB01,Control,11.97371134
Pilgrim,2021,BB02,Control,9.186726804
Pilgrim,2021,BB04,Control,5.677190722
Pilgrim,2021,BB05,Control,7.019072165
Pilgrim,2021,BB06,N,16.92835052
Pilgrim,2021,BB07,N,16.41224227
Pilgrim,2021,BB08,N,15.79291237
Pilgrim,2021,BB10,N,26.83762887
Pilgrim,2021,BB11,P,7.535180412
Pilgrim,2021,BB12,P,9.909278351
Pilgrim,2021,BB14,P,7.225515464
Pilgrim,2021,BB15,P,9.186726804
Pilgrim,2021,BB16,N+P,24.25708763
Pilgrim,2021,BB17,N+P,25.90863402
Pilgrim,2021,BB18,N+P,29.10850515
Pilgrim,2021,BB19,N+P,72.87448454
Pilgrim,2021,BB21,Zn,10.32216495
Pilgrim,2021,BB22,Zn,8.773840206
Pilgrim,2021,BB23,Zn,16.82512887
Pilgrim,2021,BB24,Zn,6.296520619
Pilgrim,2021,BB26,Fe,12.59304124
Pilgrim,2021,BB27,Fe,9.083505155
Pilgrim,2021,BB29,Fe,13.41881443
Pilgrim,2021,BB30,Fe,12.79948454
Pilgrim,2021,BB31,P+Fe,12.07693299
Pilgrim,2021,BB32,P+Fe,5.470747423
Pilgrim,2021,BB33,P+Fe,8.567396907
Pilgrim,2021,BB35,P+Fe,6.399742268
Pilgrim,2021,BB36,N+P+Fe,27.45695876
Pilgrim,2021,BB37,N+P+Fe,41.18543814
Pilgrim,2021,BB38,N+P+Fe,31.06971649
Pilgrim,2021,BB39,N+P+Fe,28.59239691
Pilgrim,2021,BB41,N+Fe+Zn,22.81198454
Pilgrim,2021,BB42,N+Fe+Zn,20.12822165
Pilgrim,2021,BB43,N+Fe+Zn,16.51546392
Pilgrim,2021,BB45,N+Fe+Zn,16.10257732
Pilgrim,2021,BB46,P+Fe+Mo,8.05128866
Pilgrim,2021,BB47,P+Fe+Mo,7.225515464
Pilgrim,2021,BB49,P+Fe+Mo,6.915850515
Pilgrim,2021,BB50,P+Fe+Mo,7.94806701
Pilgrim,2021,BB51,P+Fe+Ni,6.812628866
Pilgrim,2021,BB52,P+Fe+Ni,5.98685567
Pilgrim,2021,BB53,P+Fe+Ni,6.399742268
Pilgrim,2021,BB55,P+Fe+Ni,5.470747423
Pine,2021,N01,Control,4.232087629
Pine,2021,N02,Control,6.709407216
Pine,2021,N04,Control,5.264304124
Pine,2021,N05,Control,4.644974227
Pine,2021,N07,N,11.45760309
Pine,2021,N08,N,8.360953608
Pine,2021,N09,N,8.567396907
Pine,2021,N10,N,11.25115979
Pine,2021,N11,P,3.715979381
Pine,2021,N12,P,3.92242268
Pine,2021,N13,P,5.161082474
Pine,2021,N14,P,2.683762887
Pine,2021,N16,N+P,12.59304124
Pine,2021,N17,N+P,11.56082474
Pine,2021,N19,N+P,14.03814433
Pine,2021,N20,N+P,14.03814433
Pine,2021,N21,Zn,4.851417526
Pine,2021,N22,Zn,5.264304124
Pine,2021,N24,Zn,3.406314433
Pine,2021,N25,Zn,2.683762887
Pine,2021,N26,Fe,7.328737113
Pine,2021,N27,Fe,6.296520619
Pine,2021,N29,Fe,9.289948454
Pine,2021,N30,Fe,9.806056701
Pine,2021,N32,P+Fe,6.09007732
Pine,2021,N33,P+Fe,5.677190722
Pine,2021,N34,P+Fe,4.438530928
Pine,2021,N35,P+Fe,3.92242268
Pine,2021,N36,N+P+Fe,14.76069588
Pine,2021,N37,N+P+Fe,3.819201031
Pine,2021,N38,N+P+Fe,3.199871134
Pine,2021,N39,N+P+Fe,10.52860825
Pine,2021,N42,N+Fe+Zn,11.87048969
Pine,2021,N43,N+Fe+Zn,12.59304124
Pine,2021,N44,N+Fe+Zn,10.0125
Pine,2021,N45,N+Fe+Zn,8.670618557
Pine,2021,N46,P+Fe+Mo,4.954639175
Pine,2021,N47,P+Fe+Mo,5.883634021
Pine,2021,N48,P+Fe+Mo,5.367525773
Pine,2021,N49,P+Fe+Mo,8.05128866
Pine,2021,N51,P+Fe+Ni,8.360953608
Pine,2021,N52,P+Fe+Ni,4.128865979
Pine,2021,N53,P+Fe+Ni,8.773840206
Pine,2021,N55,P+Fe+Ni,11.14793814
Salmon Trout,2021,U01,Control,13.72847938
Salmon Trout,2021,U02,Control,18.16701031
Salmon Trout,2021,U04,Control,15.58646907
Salmon Trout,2021,U05,Control,10.2189433
Salmon Trout,2021,U06,N,35.71469072
Salmon Trout,2021,U07,N,31.27615979
Salmon Trout,2021,U08,N,22.29587629
Salmon Trout,2021,U09,N,19.71533505
Salmon Trout,2021,U11,P,15.58646907
Salmon Trout,2021,U12,P,29.00528351
Salmon Trout,2021,U13,P,10.73505155
Salmon Trout,2021,U15,P,13.83170103
Salmon Trout,2021,U16,N+P,30.0375
Salmon Trout,2021,U17,N+P,28.38595361
Salmon Trout,2021,U19,N+P,29.31494845
Salmon Trout,2021,U20,N+P,29.72783505
Salmon Trout,2021,U21,Zn,19.1992268
Salmon Trout,2021,U22,Zn,13.72847938
Salmon Trout,2021,U23,Zn,13.31559278
Salmon Trout,2021,U25,Zn,13.10914948
Salmon Trout,2021,U26,Fe,16.61868557
Salmon Trout,2021,U28,Fe,18.27023196
Salmon Trout,2021,U29,Fe,13.93492268
Salmon Trout,2021,U30,Fe,10.2189433
Salmon Trout,2021,U32,P+Fe,23.53453608
Salmon Trout,2021,U33,P+Fe,24.46353093
Salmon Trout,2021,U34,P+Fe,18.88956186
Salmon Trout,2021,U35,P+Fe,19.30244845
Salmon Trout,2021,U36,N+P+Fe,29.00528351
Salmon Trout,2021,U37,N+P+Fe,21.26365979
Salmon Trout,2021,U38,N+P+Fe,31.99871134
Salmon Trout,2021,U39,N+P+Fe,32.41159794
Salmon Trout,2021,U42,N+Fe+Zn,24.77319588
Salmon Trout,2021,U43,N+Fe+Zn,14.96713918
Salmon Trout,2021,U44,N+Fe+Zn,21.47010309
Salmon Trout,2021,U45,N+Fe+Zn,30.55360825
Salmon Trout,2021,U46,P+Fe+Mo,16.10257732
Salmon Trout,2021,U47,P+Fe+Mo,22.50231959
Salmon Trout,2021,U48,P+Fe+Mo,12.59304124
Salmon Trout,2021,U50,P+Fe+Mo,18.47667526
Salmon Trout,2021,U51,P+Fe+Ni,10.0125
Salmon Trout,2021,U54,P+Fe+Ni,24.56675258
Salmon Trout,2021,U55,P+Fe+Ni,11.56082474
Shady,2021,FF01,Control,4.02564433
Shady,2021,FF03,Control,4.02564433
Shady,2021,FF05,Control,3.509536082
Shady,2021,FF06,Control,3.715979381
Shady,2021,FF08,Control,4.232087629
Shady,2021,FF11,N,5.780412371
Shady,2021,FF13,N,4.232087629
Shady,2021,FF14,N,2.270876289
Shady,2021,FF16,N,6.193298969
Shady,2021,FF18,P,3.819201031
Shady,2021,FF19,P,3.715979381
Shady,2021,FF20,P,4.02564433
Shady,2021,FF21,P,3.406314433
Shady,2021,FF24,P,4.644974227
Shady,2021,FF25,N+P,NA
Shady,2021,FF29,N+P,4.232087629
Shady,2021,FF32,N+P,4.02564433
Shady,2021,FF36,Zn,4.232087629
Shady,2021,FF38,Zn,4.541752577
Shady,2021,FF39,Zn,3.612757732
Shady,2021,FF40,Zn,NA
Shady,2021,FF41,Fe,6.193298969
Shady,2021,FF43,Fe,2.993427835
Shady,2021,FF44,Fe,4.02564433
Shady,2021,FF46,Fe,5.367525773
Shady,2021,FF47,Fe,4.644974227
Shady,2021,FF49,P+Fe,3.819201031
Shady,2021,FF50,P+Fe,3.406314433
Shady,2021,FF51,P+Fe,4.851417526
Shady,2021,FF53,P+Fe,4.748195876
Shady,2021,FF56,P+Fe,4.541752577
Shady,2021,FF57,N+P+Fe,11.76726804
Shady,2021,FF61,N+P+Fe,6.296520619
Shady,2021,FF63,N+P+Fe,3.612757732
Shady,2021,FF64,N+P+Fe,3.612757732
Shady,2021,FF66,N+Fe+Zn,2.993427835
Shady,2021,FF67,N+Fe+Zn,4.335309278
Shady,2021,FF69,N+Fe+Zn,11.45760309
Shady,2021,FF70,N+Fe+Zn,8.773840206
Shady,2021,FF71,N+Fe+Zn,2.580541237
Shady,2021,FF74,P+Fe+Mo,5.470747423
Shady,2021,FF78,P+Fe+Mo,5.264304124
Shady,2021,FF79,P+Fe+Mo,5.367525773
Shady,2021,FF80,P+Fe+Mo,10.2189433
Shady,2021,FF82,P+Fe+Ni,4.954639175
Shady,2021,FF83,P+Fe+Ni,4.335309278
Shady,2021,FF84,P+Fe+Ni,5.98685567
Shady,2021,FF85,P+Fe+Ni,2.993427835
Shady,2021,FF88,P+Fe+Ni,2.890206186
TC5,2021,NN02,Control,0.05
TC5,2021,NN03,Control,0.05
TC5,2021,NN04,Control,1.651546392
TC5,2021,NN05,Control,0.619329897
TC5,2021,NN06,N,2.270876289
TC5,2021,NN07,N,3.715979381
TC5,2021,NN08,N,3.715979381
TC5,2021,NN09,N,1.754768041
TC5,2021,NN11,P,1.135438144
TC5,2021,NN12,P,0.928994845
TC5,2021,NN14,P,0.05
TC5,2021,NN15,P,1.445103093
TC5,2021,NN16,N+P,0.05
TC5,2021,NN17,N+P,1.754768041
TC5,2021,NN19,N+P,0.05
TC5,2021,NN20,N+P,1.651546392
TC5,2021,NN21,Zn,2.683762887
TC5,2021,NN22,Zn,1.032216495
TC5,2021,NN23,Zn,0.05
TC5,2021,NN25,Zn,0.825773196
TC5,2021,NN26,Fe,0.825773196
TC5,2021,NN27,Fe,0.05
TC5,2021,NN29,Fe,2.167654639
TC5,2021,NN30,Fe,2.683762887
TC5,2021,NN32,P+Fe,1.548324742
TC5,2021,NN33,P+Fe,2.270876289
TC5,2021,NN34,P+Fe,1.445103093
TC5,2021,NN35,P+Fe,0.825773196
TC5,2021,NN36,N+P+Fe,0.928994845
TC5,2021,NN37,N+P+Fe,0.05
TC5,2021,NN38,N+P+Fe,2.580541237
TC5,2021,NN40,N+P+Fe,0.825773196
TC5,2021,NN41,N+Fe+Zn,1.651546392
TC5,2021,NN43,N+Fe+Zn,0.05
TC5,2021,NN44,N+Fe+Zn,1.651546392
TC5,2021,NN45,N+Fe+Zn,1.032216495
TC5,2021,NN46,P+Fe+Mo,0.928994845
TC5,2021,NN47,P+Fe+Mo,0.05
TC5,2021,NN49,P+Fe+Mo,3.92242268
TC5,2021,NN50,P+Fe+Mo,1.238659794
TC5,2021,NN51,P+Fe+Ni,0.103221649
TC5,2021,NN53,P+Fe+Ni,1.857989691
TC5,2021,NN54,P+Fe+Ni,1.341881443
TC5,2021,NN55,P+Fe+Ni,1.341881443
Tenderfoot,2021,CC01,Control,0.516108247
Tenderfoot,2021,CC02,Control,19.09600515
Tenderfoot,2021,CC03,Control,16.82512887
Tenderfoot,2021,CC05,Control,25.49574742
Tenderfoot,2021,CC06,N,39.8435567
Tenderfoot,2021,CC07,N,8.773840206
Tenderfoot,2021,CC08,N,57.80412371
Tenderfoot,2021,CC09,N,13.10914948
Tenderfoot,2021,CC12,P,10.2189433
Tenderfoot,2021,CC14,P,23.74097938
Tenderfoot,2021,CC15,P,18.06378866
Tenderfoot,2021,CC17,N+P,15.89613402
Tenderfoot,2021,CC18,N+P,4.954639175
Tenderfoot,2021,CC19,N+P,39.8435567
Tenderfoot,2021,CC20,N+P,88.97706186
Tenderfoot,2021,CC21,Zn,18.37345361
Tenderfoot,2021,CC22,Zn,23.63775773
Tenderfoot,2021,CC24,Zn,23.43131443
Tenderfoot,2021,CC25,Zn,13.62525773
Tenderfoot,2021,CC27,Fe,20.95399485
Tenderfoot,2021,CC28,Fe,22.70876289
Tenderfoot,2021,CC29,Fe,24.66997423
Tenderfoot,2021,CC30,Fe,36.12757732
Tenderfoot,2021,CC32,P+Fe,8.670618557
Tenderfoot,2021,CC33,P+Fe,30.4503866
Tenderfoot,2021,CC34,P+Fe,25.90863402
Tenderfoot,2021,CC35,P+Fe,30.4503866
Tenderfoot,2021,CC36,N+P+Fe,29.72783505
Tenderfoot,2021,CC37,N+P+Fe,31.68904639
Tenderfoot,2021,CC39,N+P+Fe,75.55824742
Tenderfoot,2021,CC40,N+P+Fe,27.45695876
Tenderfoot,2021,CC41,N+Fe+Zn,11.04471649
Tenderfoot,2021,CC42,N+Fe+Zn,35.71469072
Tenderfoot,2021,CC43,N+Fe+Zn,40.4628866
Tenderfoot,2021,CC44,N+Fe+Zn,32.72126289
Tenderfoot,2021,CC46,P+Fe+Mo,60.9007732
Tenderfoot,2021,CC48,P+Fe+Mo,15.48324742
Tenderfoot,2021,CC49,P+Fe+Mo,15.48324742
Tenderfoot,2021,CC50,P+Fe+Mo,15.58646907
Tenderfoot,2021,CC51,P+Fe+Ni,20.95399485
Tenderfoot,2021,CC52,P+Fe+Ni,39.53389175
Tenderfoot,2021,CC53,P+Fe+Ni,24.66997423
Tenderfoot,2021,CC54,P+Fe+Ni,10.4253866
Tenderfoot,2021,CC55,P+Fe+Ni,12.90270619
Trap Rock,2021,V01,Control,5.161082474
Trap Rock,2021,V02,Control,5.780412371
Trap Rock,2021,V04,Control,4.232087629
Trap Rock,2021,V05,Control,5.264304124
Trap Rock,2021,V07,N,17.65090206
Trap Rock,2021,V08,N,20.6443299
Trap Rock,2021,V09,N,22.29587629
Trap Rock,2021,V10,N,19.8185567
Trap Rock,2021,V12,P,6.812628866
Trap Rock,2021,V13,P,9.909278351
Trap Rock,2021,V14,P,6.812628866
Trap Rock,2021,V15,P,7.328737113
Trap Rock,2021,V16,N+P,37.36623711
Trap Rock,2021,V17,N+P,83.19664948
Trap Rock,2021,V19,N+P,28.59239691
Trap Rock,2021,V20,N+P,32.72126289
Trap Rock,2021,V22,Zn,5.470747423
Trap Rock,2021,V23,Zn,5.161082474
Trap Rock,2021,V24,Zn,10.2189433
Trap Rock,2021,V25,Zn,2.890206186
Trap Rock,2021,V26,Fe,6.812628866
Trap Rock,2021,V27,Fe,13.41881443
Trap Rock,2021,V28,Fe,11.04471649
Trap Rock,2021,V29,Fe,10.2189433
Trap Rock,2021,V32,P+Fe,11.56082474
Trap Rock,2021,V33,P+Fe,5.883634021
Trap Rock,2021,V34,P+Fe,7.328737113
Trap Rock,2021,V35,P+Fe,16.72190722
Trap Rock,2021,V37,N+P+Fe,32.20515464
Trap Rock,2021,V38,N+P+Fe,37.98556701
Trap Rock,2021,V39,N+P+Fe,35.71469072
Trap Rock,2021,V40,N+P+Fe,34.47603093
Trap Rock,2021,V41,N+Fe+Zn,29.10850515
Trap Rock,2021,V43,N+Fe+Zn,18.37345361
Trap Rock,2021,V44,N+Fe+Zn,29.2117268
Trap Rock,2021,V45,N+Fe+Zn,21.98621134
Trap Rock,2021,V46,P+Fe+Mo,5.677190722
Trap Rock,2021,V48,P+Fe+Mo,6.502963918
Trap Rock,2021,V49,P+Fe+Mo,7.019072165
Trap Rock,2021,V50,P+Fe+Mo,8.257731959
Trap Rock,2021,V51,P+Fe+Ni,5.573969072
Trap Rock,2021,V52,P+Fe+Ni,6.915850515
Trap Rock,2021,V53,P+Fe+Ni,9.496391753
Trap Rock,2021,V54,P+Fe+Ni,7.638402062
Trout Brook,2021,X01,Control,5.677190722
Trout Brook,2021,X02,Control,18.27023196
Trout Brook,2021,X04,Control,4.335309278
Trout Brook,2021,X05,Control,22.19265464
Trout Brook,2021,X06,N,13.41881443
Trout Brook,2021,X08,N,27.14729381
Trout Brook,2021,X09,N,50.57860825
Trout Brook,2021,X10,N,27.25051546
Trout Brook,2021,X11,P,76.38402062
Trout Brook,2021,X12,P,5.264304124
Trout Brook,2021,X13,P,9.702835052
Trout Brook,2021,X15,P,14.14136598
Trout Brook,2021,X17,N+P,18.47667526
Trout Brook,2021,X18,N+P,33.65025773
Trout Brook,2021,X19,N+P,32.30837629
Trout Brook,2021,X20,N+P,50.16572165
Trout Brook,2021,X21,Zn,2.683762887
Trout Brook,2021,X22,Zn,8.670618557
Trout Brook,2021,X25,Zn,8.05128866
Trout Brook,2021,X26,Fe,25.49574742
Trout Brook,2021,X27,Fe,6.09007732
Trout Brook,2021,X28,Fe,23.53453608
Trout Brook,2021,X30,Fe,24.36030928
Trout Brook,2021,X31,P+Fe,44.17886598
Trout Brook,2021,X32,P+Fe,24.87641753
Trout Brook,2021,X33,P+Fe,NA
Trout Brook,2021,X35,P+Fe,3.406314433
Trout Brook,2021,X36,N+P+Fe,15.07036082
Trout Brook,2021,X37,N+P+Fe,24.97963918
Trout Brook,2021,X39,N+P+Fe,36.54046392
Trout Brook,2021,X40,N+P+Fe,NA
Trout Brook,2021,X41,N+Fe+Zn,22.81198454
Trout Brook,2021,X43,N+Fe+Zn,24.77319588
Trout Brook,2021,X44,N+Fe+Zn,18.47667526
Trout Brook,2021,X45,N+Fe+Zn,17.13479381
Trout Brook,2021,X46,P+Fe+Mo,13.41881443
Trout Brook,2021,X47,P+Fe+Mo,14.14136598
Trout Brook,2021,X48,P+Fe+Mo,4.02564433
Trout Brook,2021,X50,P+Fe+Mo,8.670618557
Trout Brook,2021,X51,P+Fe+Ni,5.161082474
Trout Brook,2021,X53,P+Fe+Ni,5.161082474
Trout Brook,2021,X54,P+Fe+Ni,10.94149485
Trout Brook,2021,X55,P+Fe+Ni,9.083505155
U36,2021,II01,Control,0.05
U36,2021,II03,Control,0.412886598
U36,2021,II04,Control,0.05
U36,2021,II06,N,0.206443299
U36,2021,II07,N,2.06443299
U36,2021,II09,N,1.445103093
U36,2021,II10,N,0.412886598
U36,2021,II11,P,0.516108247
U36,2021,II13,P,0.05
U36,2021,II14,P,0.309664948
U36,2021,II15,P,0.412886598
U36,2021,II16,N+P,0.928994845
U36,2021,II17,N+P,2.270876289
U36,2021,II18,N+P,0.05
U36,2021,II19,N+P,2.06443299
U36,2021,II21,Zn,0.206443299
U36,2021,II23,Zn,3.715979381
U36,2021,II24,Zn,0.103221649
U36,2021,II25,Zn,0.309664948
U36,2021,II27,Fe,0.412886598
U36,2021,II28,Fe,0.309664948
U36,2021,II29,Fe,0.516108247
U36,2021,II30,Fe,0.412886598
U36,2021,II31,P+Fe,1.445103093
U36,2021,II33,P+Fe,0.309664948
U36,2021,II34,P+Fe,0.309664948
U36,2021,II35,P+Fe,0.412886598
U36,2021,II36,N+P+Fe,1.238659794
U36,2021,II37,N+P+Fe,0.103221649
U36,2021,II38,N+P+Fe,0.928994845
U36,2021,II39,N+P+Fe,1.135438144
U36,2021,II41,N+Fe+Zn,0.412886598
U36,2021,II42,N+Fe+Zn,1.238659794
U36,2021,II43,N+Fe+Zn,1.032216495
U36,2021,II45,N+Fe+Zn,1.857989691
U36,2021,II46,P+Fe+Mo,0.103221649
U36,2021,II47,P+Fe+Mo,0.309664948
U36,2021,II48,P+Fe+Mo,0.309664948
U36,2021,II50,P+Fe+Mo,0.309664948
U36,2021,II51,P+Fe+Ni,0.412886598
U36,2021,II52,P+Fe+Ni,0.412886598
U36,2021,II53,P+Fe+Ni,0.516108247
U36,2021,II55,P+Fe+Ni,0.206443299
U8,2021,LL01,Control,NA
U8,2021,LL03,Control,0.309664948
U8,2021,LL04,Control,0.05
U8,2021,LL05,Control,0.516108247
U8,2021,LL06,N,0.412886598
U8,2021,LL07,N,0.05
U8,2021,LL08,N,0.05
U8,2021,LL10,N,0.309664948
U8,2021,LL11,P,2.374097938
U8,2021,LL13,P,0.05
U8,2021,LL14,P,0.309664948
U8,2021,LL15,P,0.309664948
U8,2021,LL17,N+P,0.206443299
U8,2021,LL18,N+P,0.412886598
U8,2021,LL19,N+P,0.05
U8,2021,LL20,N+P,0.103221649
U8,2021,LL21,Zn,0.206443299
U8,2021,LL22,Zn,0.412886598
U8,2021,LL23,Zn,1.96121134
U8,2021,LL25,Zn,0.309664948
U8,2021,LL26,Fe,0.05
U8,2021,LL28,Fe,3.303092784
U8,2021,LL29,Fe,1.548324742
U8,2021,LL30,Fe,0.05
U8,2021,LL32,P+Fe,0.309664948
U8,2021,LL33,P+Fe,0.05
U8,2021,LL34,P+Fe,1.857989691
U8,2021,LL35,P+Fe,0.722551546
U8,2021,LL37,N+P+Fe,0.309664948
U8,2021,LL38,N+P+Fe,0.05
U8,2021,LL39,N+P+Fe,0.05
U8,2021,LL40,N+P+Fe,1.445103093
U8,2021,LL41,N+Fe+Zn,0.05
U8,2021,LL42,N+Fe+Zn,2.270876289
U8,2021,LL43,N+Fe+Zn,0.206443299
U8,2021,LL44,N+Fe+Zn,0.05
U8,2021,LL46,P+Fe+Mo,0.309664948
U8,2021,LL47,P+Fe+Mo,2.683762887
U8,2021,LL49,P+Fe+Mo,0.05
U8,2021,LL50,P+Fe+Mo,0.412886598
U8,2021,LL52,P+Fe+Ni,0.309664948
U8,2021,LL53,P+Fe+Ni,0.412886598
U8,2021,LL54,P+Fe+Ni,2.890206186
U8,2021,LL55,P+Fe+Ni,0.206443299
Yellow Dog,2021,Q01,Control,5.264304124
Yellow Dog,2021,Q02,Control,7.019072165
Yellow Dog,2021,Q03,Control,5.470747423
Yellow Dog,2021,Q05,Control,5.677190722
Yellow Dog,2021,Q06,N,9.909278351
Yellow Dog,2021,Q07,N,7.535180412
Yellow Dog,2021,Q09,N,23.01842784
Yellow Dog,2021,Q10,N,17.85734536
Yellow Dog,2021,Q11,P,6.915850515
Yellow Dog,2021,Q12,P,5.057860825
Yellow Dog,2021,Q14,P,1.96121134
Yellow Dog,2021,Q15,P,3.92242268
Yellow Dog,2021,Q17,N+P,14.86391753
Yellow Dog,2021,Q18,N+P,17.75412371
Yellow Dog,2021,Q19,N+P,14.03814433
Yellow Dog,2021,Q20,N+P,19.50889175
Yellow Dog,2021,Q21,Zn,5.264304124
Yellow Dog,2021,Q22,Zn,4.748195876
Yellow Dog,2021,Q24,Zn,5.883634021
Yellow Dog,2021,Q25,Zn,9.806056701
Yellow Dog,2021,Q26,Fe,5.573969072
Yellow Dog,2021,Q27,Fe,5.883634021
Yellow Dog,2021,Q29,Fe,7.019072165
Yellow Dog,2021,Q30,Fe,7.535180412
Yellow Dog,2021,Q31,P+Fe,4.438530928
Yellow Dog,2021,Q32,P+Fe,5.573969072
Yellow Dog,2021,Q34,P+Fe,6.193298969
Yellow Dog,2021,Q35,P+Fe,3.92242268
Yellow Dog,2021,Q37,N+P+Fe,9.702835052
Yellow Dog,2021,Q38,N+P+Fe,13.41881443
Yellow Dog,2021,Q39,N+P+Fe,13.93492268
Yellow Dog,2021,Q40,N+P+Fe,21.67654639
Yellow Dog,2021,Q41,N+Fe+Zn,18.57989691
Yellow Dog,2021,Q42,N+Fe+Zn,16.82512887
Yellow Dog,2021,Q44,N+Fe+Zn,15.68969072
Yellow Dog,2021,Q45,N+Fe+Zn,21.67654639
Yellow Dog,2021,Q46,P+Fe+Mo,5.264304124
Yellow Dog,2021,Q47,P+Fe+Mo,12.90270619
Yellow Dog,2021,Q49,P+Fe+Mo,7.638402062
Yellow Dog,2021,Q50,P+Fe+Mo,5.573969072
Yellow Dog,2021,Q52,P+Fe+Ni,7.844845361
Yellow Dog,2021,Q53,P+Fe+Ni,2.993427835
Yellow Dog,2021,Q54,P+Fe+Ni,6.193298969
Yellow Dog,2021,Q55,P+Fe+Ni,5.677190722
Chance,2022,A01,Control,1.032
Chance,2022,A02,Control,0.05
Chance,2022,A04,Control,7.226
Chance,2022,A05,Control,8.464
Chance,2022,A06,N,9.084
Chance,2022,A07,N,6.916
Chance,2022,A08,N,4.955
Chance,2022,A09,N,4.955
Chance,2022,A10,N,NA
Chance,2022,A11,P,5.78
Chance,2022,A12,P,5.987
Chance,2022,A13,P,3.303
Chance,2022,A14,P,6.193
Chance,2022,A16,N+P,7.845
Chance,2022,A17,N+P,5.471
Chance,2022,A18,N+P,5.264
Chance,2022,A19,N+P,2.787
Chance,2022,A20,N+P,9.187
Chance,2022,A21,Zn,12.696
Chance,2022,A22,Zn,6.09
Chance,2022,A23,Zn,3.819
Chance,2022,A24,Zn,2.684
Chance,2022,A25,Zn,7.742
Chance,2022,A26,Fe,5.884
Chance,2022,A27,Fe,10.838
Chance,2022,A29,Fe,9.703
Chance,2022,A30,Fe,NA
Chance,2022,A31,N+Fe,5.058
Chance,2022,A33,N+Fe,5.471
Chance,2022,A34,N+Fe,1.548
Chance,2022,A35,N+Fe,NA
Chance,2022,A36,P+Fe,6.813
Chance,2022,A37,P+Fe,NA
Chance,2022,A38,P+Fe,12.903
Chance,2022,A39,P+Fe,13.109
Chance,2022,A40,P+Fe,7.638
Chance,2022,A41,N+P+Fe,9.084
Chance,2022,A42,N+P+Fe,6.4
Chance,2022,A43,N+P+Fe,5.058
Chance,2022,A44,N+P+Fe,5.987
Chance,2022,A45,N+P+Fe,3.716
Chance,2022,A46,N+Fe+Zn,5.677
Chance,2022,A47,N+Fe+Zn,5.78
Chance,2022,A48,N+Fe+Zn,5.574
Chance,2022,A49,N+Fe+Zn,12.593
Chance,2022,A50,N+Fe+Zn,5.677
Chance,2022,A52,P+Fe+Mo,6.606
Chance,2022,A53,P+Fe+Mo,10.735
Chance,2022,A54,P+Fe+Mo,6.709
Chance,2022,A55,P+Fe+Mo,6.813
Chance,2022,A56,P+Fe+Ni,5.677
Chance,2022,A57,P+Fe+Ni,8.155
Chance,2022,A58,P+Fe+Ni,6.709
Chance,2022,A59,P+Fe+Ni,8.671
Chance,2022,A60,P+Fe+Ni,5.161
Chapel,2022,B01,Control,4.026
Chapel,2022,B02,Control,24.464
Chapel,2022,B03,Control,13.728
Chapel,2022,B04,Control,12.077
Chapel,2022,B05,Control,3.51
Chapel,2022,B06,N,31.586
Chapel,2022,B07,N,23.018
Chapel,2022,B08,N,2.89
Chapel,2022,B09,N,32.618
Chapel,2022,B10,N,18.58
Chapel,2022,B11,P,19.509
Chapel,2022,B13,P,21.367
Chapel,2022,B14,P,20.748
Chapel,2022,B15,P,27.044
Chapel,2022,B16,N+P,2.374
Chapel,2022,B17,N+P,29.728
Chapel,2022,B18,N+P,23.328
Chapel,2022,B19,N+P,20.438
Chapel,2022,B20,N+P,7.432
Chapel,2022,B21,Zn,25.186
Chapel,2022,B22,Zn,20.644
Chapel,2022,B23,Zn,16.515
Chapel,2022,B24,Zn,4.439
Chapel,2022,B25,Zn,5.471
Chapel,2022,B26,Fe,11.045
Chapel,2022,B27,Fe,2.993
Chapel,2022,B28,Fe,24.36
Chapel,2022,B29,Fe,27.457
Chapel,2022,B30,Fe,9.29
Chapel,2022,B31,N+Fe,3.303
Chapel,2022,B32,N+Fe,2.271
Chapel,2022,B33,N+Fe,26.322
Chapel,2022,B34,N+Fe,18.993
Chapel,2022,B35,N+Fe,4.026
Chapel,2022,B36,P+Fe,20.231
Chapel,2022,B37,P+Fe,17.135
Chapel,2022,B38,P+Fe,23.225
Chapel,2022,B39,P+Fe,4.748
Chapel,2022,B40,P+Fe,25.547
Chapel,2022,B41,N+P+Fe,29.831
Chapel,2022,B42,N+P+Fe,33.857
Chapel,2022,B43,N+P+Fe,18.89
Chapel,2022,B45,N+P+Fe,21.057
Chapel,2022,B46,N+Fe+Zn,20.851
Chapel,2022,B47,N+Fe+Zn,2.993
Chapel,2022,B49,N+Fe+Zn,31.689
Chapel,2022,B50,N+Fe+Zn,30.45
Chapel,2022,B51,P+Fe+Mo,15.07
Chapel,2022,B52,P+Fe+Mo,3.303
Chapel,2022,B53,P+Fe+Mo,14.554
Chapel,2022,B54,P+Fe+Mo,4.026
Chapel,2022,B55,P+Fe+Mo,14.141
Chapel,2022,B56,P+Fe+Ni,2.684
Chapel,2022,B57,P+Fe+Ni,4.439
Chapel,2022,B58,P+Fe+Ni,13.935
Chapel,2022,B59,P+Fe+Ni,16.619
Chapel,2022,B60,P+Fe+Ni,4.645
Old Woman,2022,C01,Control,33.547
Old Woman,2022,C02,Control,24.876
Old Woman,2022,C03,Control,44.489
Old Woman,2022,C04,Control,34.218
Old Woman,2022,C05,Control,15.07
Old Woman,2022,C06,N,65.649
Old Woman,2022,C07,N,16.103
Old Woman,2022,C08,N,6.813
Old Woman,2022,C09,N,27.767
Old Woman,2022,C10,N,44.437
Old Woman,2022,C11,P,35.199
Old Woman,2022,C12,P,29.005
Old Woman,2022,C13,P,33.753
Old Woman,2022,C15,P,NA
Old Woman,2022,C16,N+P,21.264
Old Woman,2022,C17,N+P,34.786
Old Woman,2022,C18,N+P,51.404
Old Woman,2022,C19,N+P,74.113
Old Woman,2022,C20,N+P,87.738
Old Woman,2022,C21,Zn,23.018
Old Woman,2022,C22,Zn,35.715
Old Woman,2022,C23,Zn,28.489
Old Woman,2022,C24,Zn,NA
Old Woman,2022,C25,Zn,30.863
Old Woman,2022,C26,Fe,53.262
Old Woman,2022,C27,Fe,16.412
Old Woman,2022,C28,Fe,44.282
Old Woman,2022,C29,Fe,25.083
Old Woman,2022,C30,Fe,70.397
Old Woman,2022,C31,N+Fe,51.559
Old Woman,2022,C32,N+Fe,57.804
Old Woman,2022,C33,N+Fe,50.011
Old Woman,2022,C34,N+Fe,37.573
Old Woman,2022,C35,N+Fe,48.463
Old Woman,2022,C37,P+Fe,20.748
Old Woman,2022,C38,P+Fe,40.876
Old Woman,2022,C39,P+Fe,26.838
Old Woman,2022,C40,P+Fe,40.05
Old Woman,2022,C41,N+P+Fe,NA
Old Woman,2022,C42,N+P+Fe,10.632
Old Woman,2022,C43,N+P+Fe,40.463
Old Woman,2022,C44,N+P+Fe,81.958
Old Woman,2022,C45,N+P+Fe,NA
Old Woman,2022,C46,N+Fe+Zn,17.341
Old Woman,2022,C47,N+Fe+Zn,46.863
Old Woman,2022,C48,N+Fe+Zn,30.657
Old Woman,2022,C49,N+Fe+Zn,40.05
Old Woman,2022,C50,N+Fe+Zn,35.921
Old Woman,2022,C51,P+Fe+Mo,39.327
Old Woman,2022,C52,P+Fe+Mo,37.573
Old Woman,2022,C53,P+Fe+Mo,20.954
Old Woman,2022,C54,P+Fe+Mo,21.264
Old Woman,2022,C55,P+Fe+Mo,NA
Old Woman,2022,C57,P+Fe+Ni,34.682
Old Woman,2022,C58,P+Fe+Ni,64.617
Old Woman,2022,C59,P+Fe+Ni,30.038
Fish,2022,D01,Control,12.077
Fish,2022,D02,Control,15.38
Fish,2022,D03,Control,19.612
Fish,2022,D04,Control,14.864
Fish,2022,D05,Control,16.928
Fish,2022,D06,N,NA
Fish,2022,D07,N,24.257
Fish,2022,D08,N,19.199
Fish,2022,D09,N,19.922
Fish,2022,D10,N,26.734
Fish,2022,D11,P,19.199
Fish,2022,D12,P,16.515
Fish,2022,D13,P,12.903
Fish,2022,D14,P,18.993
Fish,2022,D15,P,13.212
Fish,2022,D16,N+P,29.728
Fish,2022,D17,N+P,22.915
Fish,2022,D18,N+P,25.805
Fish,2022,D19,N+P,29.831
Fish,2022,D20,N+P,15.999
Fish,2022,D21,Zn,16.722
Fish,2022,D22,Zn,15.793
Fish,2022,D23,Zn,12.49
Fish,2022,D24,Zn,13.109
Fish,2022,D25,Zn,22.296
Fish,2022,D26,Fe,13.728
Fish,2022,D27,Fe,18.373
Fish,2022,D28,Fe,11.458
Fish,2022,D29,Fe,19.302
Fish,2022,D30,Fe,15.174
Fish,2022,D31,N+Fe,20.025
Fish,2022,D32,N+Fe,21.367
Fish,2022,D33,N+Fe,22.296
Fish,2022,D34,N+Fe,20.851
Fish,2022,D35,N+Fe,22.296
Fish,2022,D36,P+Fe,13.625
Fish,2022,D37,P+Fe,21.057
Fish,2022,D38,P+Fe,25.186
Fish,2022,D39,P+Fe,15.38
Fish,2022,D40,P+Fe,17.341
Fish,2022,D41,N+P+Fe,29.934
Fish,2022,D42,N+P+Fe,25.805
Fish,2022,D43,N+P+Fe,10.219
Fish,2022,D44,N+P+Fe,29.005
Fish,2022,D45,N+P+Fe,15.174
Fish,2022,D46,N+Fe+Zn,23.535
Fish,2022,D47,N+Fe+Zn,24.67
Fish,2022,D48,N+Fe+Zn,NA
Fish,2022,D49,N+Fe+Zn,19.199
Fish,2022,D50,N+Fe+Zn,19.406
Fish,2022,D51,P+Fe+Mo,14.967
Fish,2022,D52,P+Fe+Mo,13.316
Fish,2022,D53,P+Fe+Mo,15.174
Fish,2022,D54,P+Fe+Mo,16.722
Fish,2022,D55,P+Fe+Mo,14.967
Fish,2022,D56,P+Fe+Ni,22.296
Fish,2022,D57,P+Fe+Ni,11.664
Fish,2022,D58,P+Fe+Ni,15.793
Fish,2022,D59,P+Fe+Ni,19.199
Fish,2022,D60,P+Fe+Ni,15.999
Breakneck,2022,E01,Control,26.012
Breakneck,2022,E02,Control,14.761
Breakneck,2022,E03,Control,11.251
Breakneck,2022,E04,Control,9.6
Breakneck,2022,E05,Control,15.38
Breakneck,2022,E06,N,23.638
Breakneck,2022,E08,N,NA
Breakneck,2022,E09,N,38.398
Breakneck,2022,E10,N,28.902
Breakneck,2022,E11,P,29.109
Breakneck,2022,E13,P,19.406
Breakneck,2022,E16,N+P,33.96
Breakneck,2022,E17,N+P,15.999
Breakneck,2022,E18,N+P,29.005
Breakneck,2022,E19,N+P,9.703
Breakneck,2022,E20,N+P,27.663
Breakneck,2022,E21,Zn,41.185
Breakneck,2022,E22,Zn,35.508
Breakneck,2022,E23,Zn,26.838
Breakneck,2022,E24,Zn,30.244
Breakneck,2022,E25,Zn,NA
Breakneck,2022,E26,Fe,18.683
Breakneck,2022,E27,Fe,27.457
Breakneck,2022,E28,Fe,12.903
Breakneck,2022,E29,Fe,29.934
Breakneck,2022,E30,Fe,25.909
Breakneck,2022,E31,N+Fe,NA
Breakneck,2022,E32,N+Fe,14.141
Breakneck,2022,E34,N+Fe,28.799
Breakneck,2022,E37,P+Fe,21.264
Breakneck,2022,E38,P+Fe,17.857
Breakneck,2022,E39,P+Fe,15.07
Breakneck,2022,E40,P+Fe,27.354
Breakneck,2022,E41,N+P+Fe,25.289
Breakneck,2022,E42,N+P+Fe,NA
Breakneck,2022,E43,N+P+Fe,25.909
Breakneck,2022,E44,N+P+Fe,14.761
Breakneck,2022,E45,N+P+Fe,25.083
Breakneck,2022,E46,N+Fe+Zn,9.393
Breakneck,2022,E47,N+Fe+Zn,27.147
Breakneck,2022,E48,N+Fe+Zn,13.625
Breakneck,2022,E49,N+Fe+Zn,27.767
Breakneck,2022,E50,N+Fe+Zn,26.941
Breakneck,2022,E51,P+Fe+Mo,34.786
Breakneck,2022,E52,P+Fe+Mo,38.398
Breakneck,2022,E53,P+Fe+Mo,19.302
Breakneck,2022,E54,P+Fe+Mo,23.018
Breakneck,2022,E55,P+Fe+Mo,45.624
Breakneck,2022,E56,P+Fe+Ni,30.141
Breakneck,2022,E58,P+Fe+Ni,27.767
Breakneck,2022,E59,P+Fe+Ni,28.902
Breakneck,2022,E60,P+Fe+Ni,26.218
Mahoning,2022,F01,Control,2.168
Mahoning,2022,F02,Control,1.342
Mahoning,2022,F03,Control,3.819
Mahoning,2022,F04,Control,3.2
Mahoning,2022,F06,N,5.264
Mahoning,2022,F07,N,7.122
Mahoning,2022,F08,N,7.122
Mahoning,2022,F09,N,8.464
Mahoning,2022,F0S,Control,NA
Mahoning,2022,F10,N,5.574
Mahoning,2022,F11,P,4.439
Mahoning,2022,F12,P,2.787
Mahoning,2022,F13,P,1.032
Mahoning,2022,F14,P,3.922
Mahoning,2022,F16,N+P,2.89
Mahoning,2022,F17,N+P,1.239
Mahoning,2022,F18,N+P,3.303
Mahoning,2022,F19,N+P,4.439
Mahoning,2022,F20,N+P,3.097
Mahoning,2022,F21,Zn,4.129
Mahoning,2022,F22,Zn,2.581
Mahoning,2022,F23,Zn,4.542
Mahoning,2022,F24,Zn,2.993
Mahoning,2022,F25,Zn,1.239
Mahoning,2022,F26,Fe,0.723
Mahoning,2022,F27,Fe,2.064
Mahoning,2022,F28,Fe,2.993
Mahoning,2022,F29,Fe,1.652
Mahoning,2022,F30,Fe,3.097
Mahoning,2022,F31,N+Fe,5.471
Mahoning,2022,F32,N+Fe,4.335
Mahoning,2022,F33,N+Fe,0.929
Mahoning,2022,F34,N+Fe,5.78
Mahoning,2022,F35,N+Fe,5.677
Mahoning,2022,F36,P+Fe,1.548
Mahoning,2022,F37,P+Fe,1.961
Mahoning,2022,F38,P+Fe,2.064
Mahoning,2022,F39,P+Fe,2.374
Mahoning,2022,F40,P+Fe,1.652
Mahoning,2022,F41,N+P+Fe,4.955
Mahoning,2022,F42,N+P+Fe,8.877
Mahoning,2022,F43,N+P+Fe,4.232
Mahoning,2022,F44,N+P+Fe,6.09
Mahoning,2022,F45,N+P+Fe,8.567
Mahoning,2022,F46,N+Fe+Zn,4.955
Mahoning,2022,F47,N+Fe+Zn,5.574
Mahoning,2022,F48,N+Fe+Zn,5.058
Mahoning,2022,F49,N+Fe+Zn,4.335
Mahoning,2022,F50,N+Fe+Zn,4.645
Mahoning,2022,F52,P+Fe+Mo,2.477
Mahoning,2022,F53,P+Fe+Mo,3.303
Mahoning,2022,F54,P+Fe+Mo,3.819
Mahoning,2022,F55,P+Fe+Mo,2.581
Mahoning,2022,F56,P+Fe+Ni,2.064
Mahoning,2022,F57,P+Fe+Ni,2.064
Mahoning,2022,F58,P+Fe+Ni,1.135
Mahoning,2022,F59,P+Fe+Ni,1.858
Mahoning,2022,F60,P+Fe+Ni,2.787
Mahoning,2022,F51,P+Fe+Mo,3.406
Rocky,2022,I01,Control,0.826
Rocky,2022,I02,Control,0.723
Rocky,2022,I03,Control,2.168
Rocky,2022,I04,Control,2.064
Rocky,2022,I05,Control,1.239
Rocky,2022,I06,N,NA
Rocky,2022,I09,N,8.464
Rocky,2022,I10,N,7.845
Rocky,2022,I11,P,4.335
Rocky,2022,I13,P,3.406
Rocky,2022,I14,P,1.239
Rocky,2022,I15,P,0.103
Rocky,2022,I16,N+P,3.097
Rocky,2022,I17,N+P,21.47
Rocky,2022,I18,N+P,20.851
Rocky,2022,I19,N+P,2.684
Rocky,2022,I20,N+P,4.542
Rocky,2022,I21,Zn,2.477
Rocky,2022,I22,Zn,4.439
Rocky,2022,I23,Zn,2.064
Rocky,2022,I24,Zn,2.168
Rocky,2022,I25,Zn,20.851
Rocky,2022,I26,Fe,1.342
Rocky,2022,I28,Fe,1.961
Rocky,2022,I29,Fe,0.723
Rocky,2022,I30,Fe,1.755
Rocky,2022,I31,N+Fe,1.342
Rocky,2022,I32,N+Fe,2.168
Rocky,2022,I33,N+Fe,1.135
Rocky,2022,I34,N+Fe,2.064
Rocky,2022,I35,N+Fe,10.735
Rocky,2022,I36,P+Fe,2.374
Rocky,2022,I37,P+Fe,2.168
Rocky,2022,I39,P+Fe,2.993
Rocky,2022,I41,N+P+Fe,0.619
Rocky,2022,I42,N+P+Fe,1.755
Rocky,2022,I43,N+P+Fe,3.303
Rocky,2022,I44,N+P+Fe,1.135
Rocky,2022,I45,N+P+Fe,0.929
Rocky,2022,I46,N+Fe+Zn,0.723
Rocky,2022,I47,N+Fe+Zn,1.135
Rocky,2022,I48,N+Fe+Zn,0.05
Rocky,2022,I49,N+Fe+Zn,1.548
Rocky,2022,I50,N+Fe+Zn,2.168
Rocky,2022,I51,P+Fe+Mo,0.05
Rocky,2022,I52,P+Fe+Mo,0.05
Rocky,2022,I53,P+Fe+Mo,0.05
Rocky,2022,I54,P+Fe+Mo,6.606
Rocky,2022,I55,P+Fe+Mo,1.135
Rocky,2022,I56,P+Fe+Ni,0.413
Rocky,2022,I57,P+Fe+Ni,3.2
Rocky,2022,I58,P+Fe+Ni,2.993
Rocky,2022,I59,P+Fe+Ni,4.851
Rocky,2022,I60,P+Fe+Ni,16.206
CRO,2022,M02,Control,0.31
CRO,2022,M03,Control,0.619
CRO,2022,M04,Control,0.826
CRO,2022,M05,Control,0.516
CRO,2022,M06,N,0.619
CRO,2022,M07,N,0.31
CRO,2022,M08,N,0.619
CRO,2022,M09,N,0.516
CRO,2022,M11,P,0.31
CRO,2022,M12,P,0.31
CRO,2022,M13,P,1.032
CRO,2022,M14,P,0.05
CRO,2022,M15,P,0.723
CRO,2022,M16,N+P,0.413
CRO,2022,M17,N+P,0.619
CRO,2022,M22,Zn,0.206
CRO,2022,M23,Zn,0.516
CRO,2022,M24,Zn,0.723
CRO,2022,M25,Zn,0.516
CRO,2022,M26,Fe,0.516
CRO,2022,M28,Fe,0.413
CRO,2022,M29,Fe,0.826
CRO,2022,M30,Fe,0.516
CRO,2022,M31,N+Fe,0.619
CRO,2022,M32,N+Fe,0.103
CRO,2022,M35,N+Fe,0.619
CRO,2022,M36,P+Fe,0.516
CRO,2022,M37,P+Fe,0.103
CRO,2022,M40,P+Fe,0.31
CRO,2022,M41,N+P+Fe,0.723
CRO,2022,M43,N+P+Fe,3.2
CRO,2022,M44,N+P+Fe,1.239
CRO,2022,M45,N+P+Fe,0.413
CRO,2022,M46,N+Fe+Zn,2.271
CRO,2022,M50,N+Fe+Zn,0.619
CRO,2022,M51,P+Fe+Mo,0.103
CRO,2022,M52,P+Fe+Mo,NA
CRO,2022,M53,P+Fe+Mo,0.413
CRO,2022,M54,P+Fe+Mo,0.516
CRO,2022,M55,P+Fe+Mo,0.619
CRO,2022,M57,P+Fe+Ni,0.31
CRO,2022,M58,P+Fe+Ni,0.619
CRO,2022,M59,P+Fe+Ni,0.413
FRY,2022,N01,Control,0.413
FRY,2022,N02,Control,2.168
FRY,2022,N03,Control,1.135
FRY,2022,N04,Control,1.652
FRY,2022,N05,Control,2.787
FRY,2022,N06,N,2.993
FRY,2022,N07,N,2.168
FRY,2022,N08,N,3.406
FRY,2022,N09,N,2.581
FRY,2022,N10,N,1.961
FRY,2022,N11,P,2.89
FRY,2022,N12,P,1.548
FRY,2022,N13,P,1.548
FRY,2022,N14,P,2.064
FRY,2022,N15,P,1.652
FRY,2022,N16,N+P,2.271
FRY,2022,N17,N+P,2.477
FRY,2022,N18,N+P,1.548
FRY,2022,N19,N+P,1.548
FRY,2022,N20,N+P,2.993
FRY,2022,N21,Zn,1.858
FRY,2022,N22,Zn,3.716
FRY,2022,N23,Zn,1.342
FRY,2022,N24,Zn,2.064
FRY,2022,N25,Zn,1.858
FRY,2022,N26,Fe,1.548
FRY,2022,N27,Fe,1.755
FRY,2022,N29,Fe,2.168
FRY,2022,N30,Fe,1.342
FRY,2022,N31,N+Fe,2.993
FRY,2022,N32,N+Fe,2.271
FRY,2022,N33,N+Fe,2.064
FRY,2022,N34,N+Fe,2.064
FRY,2022,N35,N+Fe,3.097
FRY,2022,N36,P+Fe,NA
FRY,2022,N37,P+Fe,NA
FRY,2022,N38,P+Fe,2.271
FRY,2022,N39,P+Fe,1.755
FRY,2022,N41,N+P+Fe,NA
FRY,2022,N42,N+P+Fe,1.961
FRY,2022,N43,N+P+Fe,0.619
FRY,2022,N44,N+P+Fe,3.097
FRY,2022,N45,N+P+Fe,0.31
FRY,2022,N46,N+Fe+Zn,2.374
FRY,2022,N47,N+Fe+Zn,4.232
FRY,2022,N48,N+Fe+Zn,1.858
FRY,2022,N49,N+Fe+Zn,2.064
FRY,2022,N50,N+Fe+Zn,3.613
FRY,2022,N51,P+Fe+Mo,2.374
FRY,2022,N52,P+Fe+Mo,1.755
FRY,2022,N53,P+Fe+Mo,2.787
FRY,2022,N54,P+Fe+Mo,1.135
FRY,2022,N55,P+Fe+Mo,1.755
FRY,2022,N56,P+Fe+Ni,1.548
FRY,2022,N57,P+Fe+Ni,2.064
FRY,2022,N58,P+Fe+Ni,0.516
FRY,2022,N59,P+Fe+Ni,2.271
FRY,2022,N60,P+Fe+Ni,NA
NB Au Sable,2022,Q01,Control,3.819
NB Au Sable,2022,Q02,Control,4.645
NB Au Sable,2022,Q03,Control,4.439
NB Au Sable,2022,Q05,Control,2.477
NB Au Sable,2022,Q06,N,3.303
NB Au Sable,2022,Q07,N,8.155
NB Au Sable,2022,Q08,N,12.49
NB Au Sable,2022,Q09,N,16.412
NB Au Sable,2022,Q09,N,13.419
NB Au Sable,2022,Q10,N,11.561
NB Au Sable,2022,Q11,P,4.851
NB Au Sable,2022,Q12,P,4.542
NB Au Sable,2022,Q13,P,4.335
NB Au Sable,2022,Q13,P,4.335
NB Au Sable,2022,Q15,P,4.542
NB Au Sable,2022,Q16,N+P,25.393
NB Au Sable,2022,Q17,N+P,33.031
NB Au Sable,2022,Q18,N+P,22.089
NB Au Sable,2022,Q19,N+P,24.567
NB Au Sable,2022,Q20,N+P,17.548
NB Au Sable,2022,Q21,Zn,2.89
NB Au Sable,2022,Q22,Zn,2.993
NB Au Sable,2022,Q23,Zn,3.2
NB Au Sable,2022,Q24,Zn,4.335
NB Au Sable,2022,Q25,Zn,1.961
NB Au Sable,2022,Q26,Fe,4.026
NB Au Sable,2022,Q27,Fe,2.374
NB Au Sable,2022,Q28,Fe,4.232
NB Au Sable,2022,Q29,Fe,3.819
NB Au Sable,2022,Q30,Fe,4.026
NB Au Sable,2022,Q31,N+Fe,16.412
NB Au Sable,2022,Q32,N+Fe,14.554
NB Au Sable,2022,Q33,N+Fe,12.49
NB Au Sable,2022,Q34,N+Fe,14.348
NB Au Sable,2022,Q35,N+Fe,9.909
NB Au Sable,2022,Q36,P+Fe,3.716
NB Au Sable,2022,Q37,P+Fe,4.026
NB Au Sable,2022,Q38,P+Fe,3.51
NB Au Sable,2022,Q39,P+Fe,3.51
NB Au Sable,2022,Q40,P+Fe,3.2
NB Au Sable,2022,Q41,N+P+Fe,25.599
NB Au Sable,2022,Q42,N+P+Fe,16.722
NB Au Sable,2022,Q43,N+P+Fe,21.16
NB Au Sable,2022,Q44,N+P+Fe,19.302
NB Au Sable,2022,Q45,N+P+Fe,25.805
NB Au Sable,2022,Q46,N+Fe+Zn,16.206
NB Au Sable,2022,Q47,N+Fe+Zn,18.89
NB Au Sable,2022,Q48,N+Fe+Zn,3.613
NB Au Sable,2022,Q49,N+Fe+Zn,20.541
NB Au Sable,2022,Q50,N+Fe+Zn,19.819
NB Au Sable,2022,Q51,P+Fe+Mo,4.026
NB Au Sable,2022,Q52,P+Fe+Mo,4.232
NB Au Sable,2022,Q53,P+Fe+Mo,5.677
NB Au Sable,2022,Q54,P+Fe+Mo,2.684
NB Au Sable,2022,Q55,P+Fe+Mo,2.993
NB Au Sable,2022,Q56,P+Fe+Ni,4.232
NB Au Sable,2022,Q57,P+Fe+Ni,4.955
NB Au Sable,2022,Q59,P+Fe+Ni,3.303
NB Au Sable,2022,Q60,P+Fe+Ni,NA
EB Au Sable,2022,S01,Control,4.439
EB Au Sable,2022,S02,Control,3.406
EB Au Sable,2022,S03,Control,3.406
EB Au Sable,2022,S04,Control,3.613
EB Au Sable,2022,S05,Control,2.581
EB Au Sable,2022,S06,N,11.458
EB Au Sable,2022,S07,N,10.322
EB Au Sable,2022,S08,N,14.451
EB Au Sable,2022,S09,N,17.238
EB Au Sable,2022,S10,N,14.038
EB Au Sable,2022,S11,P,3.2
EB Au Sable,2022,S12,P,3.51
EB Au Sable,2022,S13,P,3.613
EB Au Sable,2022,S14,P,4.542
EB Au Sable,2022,S15,P,2.787
EB Au Sable,2022,S16,N+P,10.632
EB Au Sable,2022,S17,N+P,19.819
EB Au Sable,2022,S18,N+P,11.045
EB Au Sable,2022,S19,N+P,27.87
EB Au Sable,2022,S20,N+P,13.316
EB Au Sable,2022,S21,Zn,4.335
EB Au Sable,2022,S22,Zn,2.787
EB Au Sable,2022,S23,Zn,4.026
EB Au Sable,2022,S24,Zn,3.716
EB Au Sable,2022,S25,Zn,4.026
EB Au Sable,2022,S26,Fe,4.129
EB Au Sable,2022,S27,Fe,3.51
EB Au Sable,2022,S28,Fe,4.335
EB Au Sable,2022,S29,Fe,4.851
EB Au Sable,2022,S30,Fe,4.748
EB Au Sable,2022,S31,N+Fe,14.761
EB Au Sable,2022,S32,N+Fe,20.128
EB Au Sable,2022,S33,N+Fe,13.832
EB Au Sable,2022,S34,N+Fe,10.838
EB Au Sable,2022,S35,N+Fe,9.187
EB Au Sable,2022,S36,P+Fe,3.51
EB Au Sable,2022,S37,P+Fe,4.129
EB Au Sable,2022,S38,P+Fe,4.439
EB Au Sable,2022,S39,P+Fe,4.851
EB Au Sable,2022,S40,P+Fe,6.09
EB Au Sable,2022,S41,N+P+Fe,19.922
EB Au Sable,2022,S42,N+P+Fe,22.606
EB Au Sable,2022,S43,N+P+Fe,21.883
EB Au Sable,2022,S44,N+P+Fe,24.154
EB Au Sable,2022,S45,N+P+Fe,21.264
EB Au Sable,2022,S46,N+Fe+Zn,12.283
EB Au Sable,2022,S47,N+Fe+Zn,12.49
EB Au Sable,2022,S48,N+Fe+Zn,15.896
EB Au Sable,2022,S49,N+Fe+Zn,13.419
EB Au Sable,2022,S50,N+Fe+Zn,11.251
EB Au Sable,2022,S51,P+Fe+Mo,4.232
EB Au Sable,2022,S52,P+Fe+Mo,3.716
EB Au Sable,2022,S53,P+Fe+Mo,3.716
EB Au Sable,2022,S54,P+Fe+Mo,3.613
EB Au Sable,2022,S55,P+Fe+Mo,5.677
EB Au Sable,2022,S56,P+Fe+Ni,3.51
EB Au Sable,2022,S57,P+Fe+Ni,3.819
EB Au Sable,2022,S58,P+Fe+Ni,2.89
EB Au Sable,2022,S59,P+Fe+Ni,3.613
EB Au Sable,2022,S60,P+Fe+Ni,5.677
Stony,2022,T01,Control,1.548
Stony,2022,T04,Control,2.168
Stony,2022,T05,Control,1.858
Stony,2022,T06,N,NA
Stony,2022,T07,N,1.135
Stony,2022,T09,N,1.548
Stony,2022,T10,N,1.961
Stony,2022,T11,P,1.445
Stony,2022,T14,P,2.271
Stony,2022,T15,P,1.652
Stony,2022,T17,N+P,1.135
Stony,2022,T19,N+P,1.135
Stony,2022,T21,Zn,1.652
Stony,2022,T23,Zn,1.548
Stony,2022,T24,Zn,1.652
Stony,2022,T26,Fe,2.168
Stony,2022,T27,Fe,1.652
Stony,2022,T29,Fe,2.168
Stony,2022,T31,N+Fe,1.135
Stony,2022,T33,N+Fe,1.548
Stony,2022,T34,N+Fe,1.445
Stony,2022,T35,N+Fe,1.652
Stony,2022,T37,P+Fe,1.858
Stony,2022,T39,P+Fe,1.445
Stony,2022,T40,P+Fe,2.064
Stony,2022,T42,N+P+Fe,1.445
Stony,2022,T45,N+P+Fe,1.342
Stony,2022,T48,N+Fe+Zn,2.064
Stony,2022,T49,N+Fe+Zn,2.477
Stony,2022,T50,N+Fe+Zn,1.445
Stony,2022,T51,P+Fe+Mo,1.548
Stony,2022,T52,P+Fe+Mo,1.239
Stony,2022,T54,P+Fe+Mo,1.652
Stony,2022,T55,P+Fe+Mo,1.548
Stony,2022,T58,P+Fe+Ni,1.652
Paint,2022,U01,Control,9.393
Paint,2022,U02,Control,5.368
Paint,2022,U03,Control,4.851
Paint,2022,U05,Control,5.677
Paint,2022,U05,Control,7.535
Paint,2022,U06,N,4.439
Paint,2022,U07,N,5.574
Paint,2022,U08,N,6.4
Paint,2022,U09,N,7.742
Paint,2022,U10,N,5.264
Paint,2022,U11,P,5.471
Paint,2022,U12,P,3.613
Paint,2022,U13,P,3.303
Paint,2022,U14,P,5.161
Paint,2022,U15,P,5.987
Paint,2022,U16,N+P,5.78
Paint,2022,U17,N+P,6.297
Paint,2022,U18,N+P,8.051
Paint,2022,U19,N+P,8.258
Paint,2022,U20,N+P,3.51
Paint,2022,U21,Zn,6.4
Paint,2022,U22,Zn,4.748
Paint,2022,U23,Zn,2.993
Paint,2022,U24,Zn,10.838
Paint,2022,U25,Zn,6.709
Paint,2022,U26,Fe,4.851
Paint,2022,U27,Fe,6.4
Paint,2022,U28,Fe,4.748
Paint,2022,U29,Fe,4.748
Paint,2022,U30,Fe,9.187
Paint,2022,U31,N+Fe,4.748
Paint,2022,U32,N+Fe,3.819
Paint,2022,U33,N+Fe,4.439
Paint,2022,U34,N+Fe,8.98
Paint,2022,U35,N+Fe,3.922
Paint,2022,U36,P+Fe,7.432
Paint,2022,U37,P+Fe,5.987
Paint,2022,U38,P+Fe,6.813
Paint,2022,U39,P+Fe,9.084
Paint,2022,U40,P+Fe,6.709
Paint,2022,U41,N+P+Fe,6.503
Paint,2022,U42,N+P+Fe,5.368
Paint,2022,U43,N+P+Fe,3.303
Paint,2022,U44,N+P+Fe,5.368
Paint,2022,U45,N+P+Fe,8.464
Paint,2022,U46,N+Fe+Zn,5.471
Paint,2022,U47,N+Fe+Zn,7.845
Paint,2022,U48,N+Fe+Zn,3.51
Paint,2022,U49,N+Fe+Zn,6.606
Paint,2022,U50,N+Fe+Zn,3.303
Paint,2022,U51,P+Fe+Mo,5.264
Paint,2022,U52,P+Fe+Mo,4.335
Paint,2022,U53,P+Fe+Mo,7.638
Paint,2022,U54,P+Fe+Mo,11.045
Paint,2022,U55,P+Fe+Mo,3.716
Paint,2022,U56,P+Fe+Ni,6.606
Paint,2022,U57,P+Fe+Ni,8.155
Paint,2022,U58,P+Fe+Ni,4.955
Paint,2022,U59,P+Fe+Ni,6.09
Paint,2022,U60,P+Fe+Ni,5.471